id,name,diamond_count,type,combo,is_displayed_on_panel,image_url,panel_order
5655,玫瑰,1,1,true,true,https://p16-webcast.tiktokcdn.com/img/maliva/webcast-va/eba3a9bb85c33e017f3648eaf88d7189~tplv-obj.webp,1
15232,你太棒了,1,1,true,true,https://p16-webcast.tiktokcdn.com/img/alisg/webcast-sg/resource/e9cafce8279220ed26016a71076d6a8a.png~tplv-obj.webp,2
6064,GG,1,1,true,true,https://p16-webcast.tiktokcdn.com/img/maliva/webcast-va/3f02fa9594bd1495ff4e8aa5ae265eef~tplv-obj.webp,3
7569,游戏手柄,100,2,true,true,https://p16-webcast.tiktokcdn.com/img/maliva/webcast-va/20ec0eb50d82c2c445cb8391fd9fe6e2~tplv-obj.webp,4
15231,非常爱你,1,1,true,true,https://p16-webcast.tiktokcdn.com/img/alisg/webcast-sg/resource/fc549cf1bc61f9c8a1c97ebab68dced7.png~tplv-obj.webp,5
5487,手指爱心,5,1,true,true,https://p16-webcast.tiktokcdn.com/img/maliva/webcast-va/a4c4dc437fd3a6632aba149769491f49.png~tplv-obj.webp,6
7934,爱我,1,4,false,true,https://p16-webcast.tiktokcdn.com/img/alisg/webcast-sg/resource/composed.b326356a360b67b367c5cae58fe337b1.png~tplv-resize:258:258.webp,7
231956,连连掌声,1,1,true,true,https://p16-webcast.tiktokcdn.com/img/alisg/webcast-sg/resource/f2349d1d943c0c3bbcc03044268ee535.png~tplv-obj.webp,8
19446,眨眼示爱,1,1,true,true,https://p16-webcast.tiktokcdn.com/img/alisg/webcast-sg/resource/4a68411b3e92fc2bf68d458d5f906b74.png~tplv-obj.webp,9
5269,TikTok,1,1,true,true,https://p16-webcast.tiktokcdn.com/img/maliva/webcast-va/802a21ae29f9fae5abe3693de9f874bd~tplv-obj.webp,10
5827,甜筒,1,1,true,true,https://p16-webcast.tiktokcdn.com/img/maliva/webcast-va/968820bc85e274713c795a6aef3f7c67~tplv-obj.webp,11
5660,双手比心,100,2,true,true,https://p16-webcast.tiktokcdn.com/img/alisg/webcast-sg/resource/374dfe46d5b09ce1db19be06202d34f5.png~tplv-obj.webp,12
6784,切块蛋糕,1,1,true,true,https://p16-webcast.tiktokcdn.com/img/maliva/webcast-va/f681afb4be36d8a321eac741d387f1e2~tplv-obj.webp,13
12988,超棒游戏,100,2,true,true,https://p16-webcast.tiktokcdn.com/img/maliva/webcast-va/resource/cbd7588c53ec3df1af0ed6d041566362.png~tplv-obj.webp,14
231955,做得好,1,1,true,true,https://p16-webcast.tiktokcdn.com/img/alisg/webcast-sg/resource/047bfa2dcc6813c72fd2d8f649ee8ee2.png~tplv-obj.webp,15
19438,流行热曲,1,1,true,true,https://p16-webcast.tiktokcdn.com/img/alisg/webcast-sg/resource/0b4f61e8ab637f11449300d03929ef87.png~tplv-obj.webp,16
118812,神之手指,6,1,true,true,https://p16-webcast.tiktokcdn.com/img/alisg/webcast-sg/resource/f7928d51f54a1e15b3eda2336e14c7b6.png~tplv-obj.webp,17
5879,甜甜圈,30,1,true,true,https://p16-webcast.tiktokcdn.com/img/maliva/webcast-va/4e7ad6bdf0a1d860c538f38026d4e812~tplv-obj.webp,18
19445,点名致谢,5,1,true,true,https://p16-webcast.tiktokcdn.com/img/alisg/webcast-sg/resource/9b1d432109c95e77e8de11dd442c0a1f.png~tplv-obj.webp,19
919386,香气之恋,5,1,true,true,https://p16-webcast.tiktokcdn.com/img/alisg/webcast-sg/resource/374430f1a9035c2f78ab0f918bf5df40.png~tplv-obj.webp,20
6788,荧光棒,1,1,true,true,https://p16-webcast.tiktokcdn.com/img/maliva/webcast-va/8e1a5d66370c5586545e358e37c10d25~tplv-obj.webp,21
626064,G.O.A.T. 街头艺人,20,1,true,true,https://p16-webcast.tiktokcdn.com/img/alisg/webcast-sg/resource/a9ff60f42b278cc1e8278139dfebfca2.png~tplv-obj.webp,22
8913,罗莎,10,1,true,true,https://p16-webcast.tiktokcdn.com/img/maliva/webcast-va/eb77ead5c3abb6da6034d3cf6cfeb438~tplv-obj.webp,23
9947,友谊项链,10,1,true,true,https://p16-webcast.tiktokcdn.com/img/maliva/webcast-va/resource/e033c3f28632e233bebac1668ff66a2f.png~tplv-obj.webp,24
919346,迎宾达拉壶,1,1,true,true,https://p16-webcast.tiktokcdn.com/img/alisg/webcast-sg/resource/1b65232470d2c0a9f85cfbc70b38307b.png~tplv-obj.webp,25
19447,夸张反应,5,1,true,true,https://p16-webcast.tiktokcdn.com/img/alisg/webcast-sg/resource/dfd48ef1952b6d315856adda7705d02d.png~tplv-obj.webp,26
6427,帽子搭配小胡子,99,4,false,true,https://p16-webcast.tiktokcdn.com/img/maliva/webcast-va/2f1e4f3f5c728ffbfa35705b480fdc92~tplv-obj.webp,27
19441,自由风格,1,1,true,true,https://p16-webcast.tiktokcdn.com/img/alisg/webcast-sg/resource/1f5ca5cfb4b98c2761fb85987f47c641.png~tplv-obj.webp,28
59881,希望碎片,1,1,true,true,https://p16-webcast.tiktokcdn.com/img/alisg/webcast-sg/resource/34207c50c472435d7d582ef5c1ca8ff2.png~tplv-obj.webp,29
5658,香水,20,1,true,true,https://p16-webcast.tiktokcdn.com/img/maliva/webcast-va/20b8f61246c7b6032777bb81bf4ee055~tplv-obj.webp,30
19439,复古金曲,1,1,true,true,https://p16-webcast.tiktokcdn.com/img/alisg/webcast-sg/resource/77f6ab69b0b03bda98a0a3d2bfdeb46f.png~tplv-obj.webp,31
105781,旋转足球,5,1,true,true,https://p16-webcast.tiktokcdn.com/img/alisg/webcast-sg/resource/74a30ed3492d3e7d317efe7e10c3ba51.png~tplv-obj.webp,32
231957,亲密,10,1,true,true,https://p16-webcast.tiktokcdn.com/img/alisg/webcast-sg/resource/64725abbd8f186262d93c339b361c593.png~tplv-obj.webp,33
19448,慢动作,10,1,true,true,https://p16-webcast.tiktokcdn.com/img/alisg/webcast-sg/resource/12374117770f779919bf002461fdfac0.png~tplv-obj.webp,34
133119,Music on Stage,1,1,true,true,https://p16-webcast.tiktokcdn.com/img/alisg/webcast-sg/resource/6eec2170358bbbf1053720e2095ade74.png~tplv-obj.webp,35
5659,纸鹤,99,2,true,true,https://p16-webcast.tiktokcdn.com/img/alisg/webcast-sg/0f158a08f7886189cdabf496e8a07c21~tplv-obj.webp,36
19443,唱得真棒！,15,1,true,true,https://p16-webcast.tiktokcdn.com/img/alisg/webcast-sg/resource/075e206d6da035f10ff5f8fecd82abcc.png~tplv-obj.webp,37
231958,震惊,10,1,true,true,https://p16-webcast.tiktokcdn.com/img/alisg/webcast-sg/resource/3f230e969ca578becbee3709fee859be.png~tplv-obj.webp,38
544253,一眼心动,10,1,true,true,https://p16-webcast.tiktokcdn.com/img/alisg/webcast-sg/resource/2e7a07951feb039c2428fa0de0096481.png~tplv-obj.webp,39
626056,明星礼赞,15,1,true,true,https://p16-webcast.tiktokcdn.com/img/alisg/webcast-sg/resource/538dd8c1904f795fced4ae91f0a2aab0.png~tplv-obj.webp,40
6104,帽子,99,4,false,true,https://p16-webcast.tiktokcdn.com/img/maliva/webcast-va/6c2ab2da19249ea570a2ece5e3377f04~tplv-obj.webp,41
1137702,安可门票,5,1,true,true,https://p16-webcast.tiktokcdn.com/img/alisg/webcast-sg/resource/620bd04e2551f7af28c2355934f3ca65.png~tplv-obj.webp,42
17922,心动之箭,99,4,false,true,https://p16-webcast.tiktokcdn.com/img/alisg/webcast-sg/resource/3cbe9384885eab12ace419cc4f28cf4f.png~tplv-obj.webp,43
6097,小皇冠,99,4,false,true,https://p16-webcast.tiktokcdn.com/img/maliva/webcast-va/cf3db11b94a975417043b53401d0afe1~tplv-obj.webp,44
13087,泡泡糖,99,4,false,true,https://p16-webcast.tiktokcdn.com/img/maliva/webcast-va/resource/52ebbe9f3f53b5567ad11ad6f8303c58.png~tplv-obj.webp,45
5585,五彩纸屑,100,2,true,true,https://p16-webcast.tiktokcdn.com/img/alisg/webcast-sg/resource/472bf660b0804bb37f616d173edb8a9d.png~tplv-obj.webp,46
17100,羽毛头饰,149,4,false,true,https://p16-webcast.tiktokcdn.com/img/alisg/webcast-sg/resource/23a0d8c3317d8be5e5a63488a7b2b8c4.png~tplv-obj.webp,47
17105,圣代杯,99,4,false,true,https://p16-webcast.tiktokcdn.com/img/alisg/webcast-sg/resource/725ba28c17d775db510ca7b240cdd84e.png~tplv-obj.webp,48
14109,爱的印记,99,4,false,true,https://p16-webcast.tiktokcdn.com/img/alisg/webcast-sg/resource/582475419a820e0b0dbc964799b6146e.png~tplv-obj.webp,49
11046,宇宙,1000,2,true,true,https://p16-webcast.tiktokcdn.com/img/maliva/webcast-va/resource/79a02148079526539f7599150da9fd28.png~tplv-obj.webp,50
15063,旅程通行证,10,1,true,true,https://p16-webcast.tiktokcdn.com/img/alisg/webcast-sg/resource/551ecaf639c5e02354f9e7c1a763ec72.png~tplv-obj.webp,51
16552,爱心气球,149,4,false,true,https://p16-webcast.tiktokcdn.com/img/alisg/webcast-sg/resource/d1cc3f587941bd7af50929aee49ac070.png~tplv-obj.webp,52
48224,精灵躲猫猫,149,4,false,true,https://p16-webcast.tiktokcdn.com/img/alisg/webcast-sg/resource/fe9b86bd3afac7fa5dc82b5109a809c4.png~tplv-obj.webp,53
232593,律动吉他,99,2,true,true,https://p16-webcast.tiktokcdn.com/img/alisg/webcast-sg/resource/c0a2578376807945b44568eb1dfdec7f.png~tplv-obj.webp,54
11180,爱的涂鸦,99,4,false,true,https://p16-webcast.tiktokcdn.com/img/maliva/webcast-va/resource/de6f01cb2a0deb2da24cb5d1ecf9a23b.png~tplv-obj.webp,55
19168,爱心眼镜,149,4,false,true,https://p16-webcast.tiktokcdn.com/img/alisg/webcast-sg/resource/7b3f141efe8a943faba19f855a003943.png~tplv-obj.webp,56
101198,青蛙指挥官,149,4,false,true,https://p16-webcast.tiktokcdn.com/img/alisg/webcast-sg/resource/6ccccbdcc6cddece3c4056643cb99c4e.png~tplv-obj.webp,57
282739,节日手风琴,99,2,true,true,https://p16-webcast.tiktokcdn.com/img/alisg/webcast-sg/resource/17a67910f870b568f95433eb31fd7b8b.png~tplv-obj.webp,58
170506,欢唱蘑菇,99,4,false,true,https://p16-webcast.tiktokcdn.com/img/alisg/webcast-sg/resource/072a4e4c2f4435282354492360e16571.png~tplv-obj.webp,59
17986,疯狂蜗牛,149,4,false,true,https://p16-webcast.tiktokcdn.com/img/alisg/webcast-sg/resource/ef4e1229a2f0b67f7d4e92b508667060.png~tplv-obj.webp,60
544015,比心地球人,100,2,true,true,https://p16-webcast.tiktokcdn.com/img/alisg/webcast-sg/resource/961a2505041f9db4d47b9b27ef729bb3.png~tplv-obj.webp,61
15187,变声扩音器,149,4,false,true,https://p16-webcast.tiktokcdn.com/img/alisg/webcast-sg/resource/d79737225a5c68dee52b34d1a7c7dec9.png~tplv-obj.webp,62
842718,绑架奶牛,99,4,false,true,https://p16-webcast.tiktokcdn.com/img/alisg/webcast-sg/resource/497609a31393d079b4674d7cc21a8788.png~tplv-obj.webp,63
7168,钞票枪,500,2,true,true,https://p16-webcast.tiktokcdn.com/img/maliva/webcast-va/e0589e95a2b41970f0f30f6202f5fce6~tplv-obj.webp,64
16479,神秘面具,149,4,false,true,https://p16-webcast.tiktokcdn.com/img/alisg/webcast-sg/resource/8fde56ae6a7ea22d3d17184ac362585f.png~tplv-obj.webp,65
18227,圣诞可可,149,4,false,true,https://p16-webcast.tiktokcdn.com/img/alisg/webcast-sg/resource/8d188b6a7cfd7b98f778f18302a8f7f4.png~tplv-obj.webp,66
232592,节奏长笛,149,2,true,true,https://p16-webcast.tiktokcdn.com/img/alisg/webcast-sg/resource/007d61b4f2a4b92f8890d795f304dedc.png~tplv-obj.webp,67
15189,聊天爆米花,149,4,false,true,https://p16-webcast.tiktokcdn.com/img/alisg/webcast-sg/resource/f4813ddce6a6b3268df01af9fe3764d9.png~tplv-obj.webp,68
6437,花环头饰,199,4,false,true,https://p16-webcast.tiktokcdn.com/img/maliva/webcast-va/bdbdd8aeb2b69c173a3ef666e63310f3~tplv-obj.webp,69
282718,律动单簧管,149,2,true,true,https://p16-webcast.tiktokcdn.com/img/alisg/webcast-sg/resource/334eaf60d723d771bf9e839516ab3fb3.png~tplv-obj.webp,70
170507,绽放旋律,99,4,false,true,https://p16-webcast.tiktokcdn.com/img/alisg/webcast-sg/resource/96bde97172e9ad387dac78b7e2bd0354.png~tplv-obj.webp,71
5509,墨镜,199,4,false,true,https://p16-webcast.tiktokcdn.com/img/alisg/webcast-sg/08af67ab13a8053269bf539fd27f3873.png~tplv-obj.webp,72
17844,卡特里娜,149,4,false,true,https://p16-webcast.tiktokcdn.com/img/alisg/webcast-sg/resource/fadb0050e89ad6a1731c1a4742360846.png~tplv-obj.webp,73
437561,珍珠风铃,99,4,false,true,https://p16-webcast.tiktokcdn.com/img/alisg/webcast-sg/resource/a2c0c1ccd1262e8aad4d2f6e5ebc8585.png~tplv-obj.webp,74
17359,毛毛虫总动员,149,4,false,true,https://p16-webcast.tiktokcdn.com/img/alisg/webcast-sg/resource/5fc71d8f491568b0e258e2de1718e37c.png~tplv-obj.webp,75
14000,蝴蝶结,149,4,false,true,https://p16-webcast.tiktokcdn.com/img/alisg/webcast-sg/resource/dd02c4c2cb726134314e89abec0b5476.png~tplv-obj.webp,76
101384,歌迷小猫,199,4,false,true,https://p16-webcast.tiktokcdn.com/img/alisg/webcast-sg/resource/5ba710c0d42a87fc4086dc6ee553070b.png~tplv-obj.webp,77
19309,爱心兜帽,199,4,false,true,https://p16-webcast.tiktokcdn.com/img/alisg/webcast-sg/resource/79801ad5ce9f4a97793be5b06ac6804b.png~tplv-obj.webp,78
13988,水晶之梦,400,4,false,true,https://p16-webcast.tiktokcdn.com/img/alisg/webcast-sg/resource/4e21d2956bd289847ab8c006d499d25b.png~tplv-obj.webp,79
14555,花漾发带,199,4,false,true,https://p16-webcast.tiktokcdn.com/img/alisg/webcast-sg/resource/eaec5f24e45bc66ec44830fa5024ab45.png~tplv-obj.webp,80
10547,捏捏脸,249,4,false,true,https://p16-webcast.tiktokcdn.com/img/maliva/webcast-va/resource/a10aab8940d3d5aee14b14cde033ab2a.png~tplv-obj.webp,81
16478,泡泡耳机,249,4,false,true,https://p16-webcast.tiktokcdn.com/img/alisg/webcast-sg/resource/b5786e09eb50f1ea512b2ae9f7034254.png~tplv-obj.webp,82
11183,为你弹奏,299,4,false,true,https://p16-webcast.tiktokcdn.com/img/maliva/webcast-va/resource/34201b86430742595e4dcb5b39560b7a.png~tplv-obj.webp,83
11177,咖啡魔法,199,4,false,true,https://p16-webcast.tiktokcdn.com/img/maliva/webcast-va/resource/0cb623f44c34f77fe14c2e11bfe4ee62.png~tplv-obj.webp,84
14557,狗狗之吻,299,4,false,true,https://p16-webcast.tiktokcdn.com/img/alisg/webcast-sg/resource/4ae998a21159b60484169864f8968ba9.png~tplv-obj.webp,85
15191,糖果花束,249,4,false,true,https://p16-webcast.tiktokcdn.com/img/alisg/webcast-sg/resource/935ad03446f993a3630508e5c929b7cf.png~tplv-obj.webp,86
5586,爱心,199,4,false,true,https://p16-webcast.tiktokcdn.com/img/maliva/webcast-va/934b5a10dee8376df5870a61d2ea5cb6.png~tplv-obj.webp,87
1241753,海妖回声,400,4,false,true,https://p16-webcast.tiktokcdn.com/img/alisg/webcast-sg/resource/7afb8d23216936e5aa29856a92025c2d.png~tplv-obj.webp,88
14214, 蝴蝶起舞 ,399,4,false,true,https://p16-webcast.tiktokcdn.com/img/alisg/webcast-sg/resource/754effcbfbc5c6708c32552ab780e14b.png~tplv-obj.webp,89
17101,椰汁,199,4,false,true,https://p16-webcast.tiktokcdn.com/img/alisg/webcast-sg/resource/8157f47f794c8395969034574dd12082.png~tplv-obj.webp,90
48225,派对小马,199,4,false,true,https://p16-webcast.tiktokcdn.com/img/alisg/webcast-sg/resource/07c5a2297a00cacc94d329d047d045c8.png~tplv-obj.webp,91
13987,羽毛面具,300,4,false,true,https://p16-webcast.tiktokcdn.com/img/alisg/webcast-sg/resource/088bdb48e5051844d154948b4eb75e5f.png~tplv-obj.webp,92
57009,元气棉花糖,299,4,false,true,https://p16-webcast.tiktokcdn.com/img/alisg/webcast-sg/resource/dc170f6fcc00a7253cd0744d7b01809d.png~tplv-obj.webp,93
14382,漂浮章鱼,199,4,false,true,https://p16-webcast.tiktokcdn.com/img/alisg/webcast-sg/resource/022d496f79aa50d3042f0660d37ed48a.png~tplv-obj.webp,94
16477,变猫猫,349,4,false,true,https://p16-webcast.tiktokcdn.com/img/alisg/webcast-sg/resource/2d89dbc83a0999ebab98b4b06d6f5ce1.png~tplv-obj.webp,95
17358,仓鼠加油,299,4,false,true,https://p16-webcast.tiktokcdn.com/img/alisg/webcast-sg/resource/582131434f4f6edc3f97b96fbc33a492.png~tplv-obj.webp,96
54566,雪绒花开,249,4,false,true,https://p16-webcast.tiktokcdn.com/img/alisg/webcast-sg/resource/8384e240d21a75fd1084e6f9da833ab6.png~tplv-obj.webp,97
54558,春之花束,349,4,false,true,https://p16-webcast.tiktokcdn.com/img/alisg/webcast-sg/resource/97a432fdd0ec5b9a30b2a8bc4d594700.png~tplv-obj.webp,98
15764,伴奏猴,349,4,false,true,https://p16-webcast.tiktokcdn.com/img/alisg/webcast-sg/resource/758b0367f5746ec6335f4374dd9b45c3.png~tplv-obj.webp,99
13073,蝶舞翩翩,299,4,false,true,https://p16-webcast.tiktokcdn.com/img/maliva/webcast-va/resource/e02af5a7d59a958bd38536f7e3473f75.png~tplv-obj.webp,100
18124,旋律小鸟,249,4,false,true,https://p16-webcast.tiktokcdn.com/img/alisg/webcast-sg/resource/345514d111481a58d76bd53c42f0445d.png~tplv-obj.webp,101
6267,柯基犬,299,2,true,true,https://p16-webcast.tiktokcdn.com/img/maliva/webcast-va/148eef0884fdb12058d1c6897d1e02b9~tplv-obj.webp,102
13072,龙之冠,500,4,false,true,https://p16-webcast.tiktokcdn.com/img/maliva/webcast-va/resource/1d3f3738f57d6a45dd6df904bedd59ae.png~tplv-obj.webp,103
985682,巴西风情帽,299,4,false,true,https://p16-webcast.tiktokcdn.com/img/alisg/webcast-sg/resource/5d7e2053d5928bcdd1e74b37fb10d78c.png~tplv-obj.webp,104
17360,欢快之吻,199,4,false,true,https://p16-webcast.tiktokcdn.com/img/alisg/webcast-sg/resource/c75ec50c453f5b09e4d25c5c69c30ed5.png~tplv-obj.webp,105
985650,星空海豹,349,4,false,true,https://p16-webcast.tiktokcdn.com/img/alisg/webcast-sg/resource/212fa2e95f432d92feefa2a1db834729.png~tplv-obj.webp,106
985644,糖果暴击,99,4,false,true,https://p16-webcast.tiktokcdn.com/img/alisg/webcast-sg/resource/4586efda80f010da8563955095aa6271.png~tplv-obj.webp,107
18026,旋律眼镜,299,4,false,true,https://p16-webcast.tiktokcdn.com/img/alisg/webcast-sg/resource/7e4e83b1f8746e2c3205e14f99eaae08.png~tplv-obj.webp,108
11179,淘气小鸡,299,4,false,true,https://p16-webcast.tiktokcdn.com/img/maliva/webcast-va/resource/46a839dbc1c3e9103c71d82b35b21ad4.png~tplv-obj.webp,109
16669,Rosie 同款装扮,299,4,false,true,https://p16-webcast.tiktokcdn.com/img/alisg/webcast-sg/resource/c5d90ed49d326785882decc35c4200b0.png~tplv-obj.webp,110
842726,太阳蛋,199,4,false,true,https://p16-webcast.tiktokcdn.com/img/alisg/webcast-sg/resource/5268ef3f2ae96a1197ce89e371fcdc45.png~tplv-obj.webp,111
133360,粉色牛仔,450,4,false,true,https://p16-webcast.tiktokcdn.com/img/alisg/webcast-sg/resource/9cb5646b4aec619c78e22d42c47ee48d.png~tplv-obj.webp,112
17985,温柔的声音,249,4,false,true,https://p16-webcast.tiktokcdn.com/img/alisg/webcast-sg/resource/99bb73b9eb5851a2bcafadb6fe9a9815.png~tplv-obj.webp,113
18196,冲浪企鹅,249,4,false,true,https://p16-webcast.tiktokcdn.com/img/alisg/webcast-sg/resource/de7454192584813d5bcb0e64d44bfc64.png~tplv-obj.webp,114
13075,加油蟹,199,4,false,true,https://p16-webcast.tiktokcdn.com/img/maliva/webcast-va/resource/7d729b6a8104f5d349ba887608cd35bc.png~tplv-obj.webp,115
17690,神秘饮品,349,4,false,true,https://p16-webcast.tiktokcdn.com/img/alisg/webcast-sg/resource/aa2791b5b47ef26b948ed0ff76f878b5.png~tplv-obj.webp,116
11808,摇滚巨星,299,4,false,true,https://p16-webcast.tiktokcdn.com/img/maliva/webcast-va/resource/57acaf0590c56c219493b71fe8d2961d.png~tplv-obj.webp,117
6671,爱你,199,2,true,true,https://p16-webcast.tiktokcdn.com/img/maliva/webcast-va/134e51c00f46e01976399883ca4e4798~tplv-obj.webp,118
19308,甜蜜飞舞,249,4,false,true,https://p16-webcast.tiktokcdn.com/img/alisg/webcast-sg/resource/f70e199a23a5ff232ce241d07c3dc99b.png~tplv-obj.webp,119
15761,回弹扬声器,400,4,false,true,https://p16-webcast.tiktokcdn.com/img/alisg/webcast-sg/resource/fc25829fc12db52196c8606000ae17f0.png~tplv-obj.webp,120
16551,流彩随行,349,4,false,true,https://p16-webcast.tiktokcdn.com/img/alisg/webcast-sg/resource/2859c21a400e1f40d93da7b68c0254d0.png~tplv-obj.webp,121
11181,Tom 的拥抱,399,4,false,true,https://p16-webcast.tiktokcdn.com/img/maliva/webcast-va/resource/30ba2b172614d3c2da0e7caaca333b41.png~tplv-obj.webp,122
57011,星光绒球,500,4,false,true,https://p16-webcast.tiktokcdn.com/img/alisg/webcast-sg/resource/f5e709a56ba9e238f0a87dfd4510b44f.png~tplv-obj.webp,123
15195,麦克风冠军,400,4,false,true,https://p16-webcast.tiktokcdn.com/img/alisg/webcast-sg/resource/d8678a19d13ab6e2feffbea41acd0ed9.png~tplv-obj.webp,124
60554,妈咪礼帽,349,4,false,true,https://p16-webcast.tiktokcdn.com/img/alisg/webcast-sg/resource/e643a2e1553926564f4c07ef1a3b6a08.png~tplv-obj.webp,125
15064,赛车头盔,500,4,false,true,https://p16-webcast.tiktokcdn.com/img/alisg/webcast-sg/resource/b9321d0563504990e8fcf73466f4c895.png~tplv-obj.webp,126
15199,冰淇淋麦克风,249,4,false,true,https://p16-webcast.tiktokcdn.com/img/alisg/webcast-sg/resource/7f784d1ec7b26d7d8cfd05faede11d76.png~tplv-obj.webp,127
985702,热带面具,299,4,false,true,https://p16-webcast.tiktokcdn.com/img/alisg/webcast-sg/resource/11f18e8f1320c060b3179455ba13e678.png~tplv-obj.webp,128
14554,小猫按摩,399,4,false,true,https://p16-webcast.tiktokcdn.com/img/alisg/webcast-sg/resource/40938efafa13a17de483949934570461.png~tplv-obj.webp,129
48232,闪亮小马,349,4,false,true,https://p16-webcast.tiktokcdn.com/img/alisg/webcast-sg/resource/28bf38fda66300cd185fd8e3dc28d716.png~tplv-obj.webp,130
18229,驯鹿牛奶,400,4,false,true,https://p16-webcast.tiktokcdn.com/img/alisg/webcast-sg/resource/c7b922a59b8e77e748803717bd483ccf.png~tplv-obj.webp,131
15763,欢乐麦克风,249,4,false,true,https://p16-webcast.tiktokcdn.com/img/alisg/webcast-sg/resource/cf2c95f9642541fa9ebe9bdcfe6e7359.png~tplv-obj.webp,132
13999,许愿蛋糕,400,4,false,true,https://p16-webcast.tiktokcdn.com/img/alisg/webcast-sg/resource/6142c30d6b06c1c7748709e02f1293ab.png~tplv-obj.webp,133
9498,绽放丝带,1000,2,true,true,https://p16-webcast.tiktokcdn.com/img/maliva/webcast-va/resource/f76750ab58ee30fc022c9e4e11d25c9d.png~tplv-obj.webp,134
15752,星星眼镜,249,4,false,true,https://p16-webcast.tiktokcdn.com/img/alisg/webcast-sg/resource/e14483e67a44ce522ba583ec923941fa.png~tplv-obj.webp,135
17821,淘气小 Boo,249,4,false,true,https://p16-webcast.tiktokcdn.com/img/alisg/webcast-sg/resource/fbbe8af4280240dfdb11ad1100be0282.png~tplv-obj.webp,136
19311,恋爱通话,299,4,false,true,https://p16-webcast.tiktokcdn.com/img/alisg/webcast-sg/resource/b9f95b541fa21eb5325fd8f6ffe1a551.png~tplv-obj.webp,137
18506,派对头花,249,4,false,true,https://p16-webcast.tiktokcdn.com/img/alisg/webcast-sg/resource/3065f931274a9c1e6d4cdd0b29ff3c8d.png~tplv-obj.webp,138
9948,你是最棒的,500,2,true,true,https://p16-webcast.tiktokcdn.com/img/maliva/webcast-va/resource/b48c69f4df49c28391bcc069bbc31b41.png~tplv-obj.webp,139
5978,火车,899,2,true,true,https://p16-webcast.tiktokcdn.com/img/maliva/webcast-va/4227ed71f2c494b554f9cbe2147d4899~tplv-obj.webp,140
118928,沉醉乐海,500,2,true,true,https://p16-webcast.tiktokcdn.com/img/alisg/webcast-sg/resource/cc2fe165b4365bda331c47f0fd212acd.png~tplv-obj.webp,141
18505,缤纷小熊,399,4,false,true,https://p16-webcast.tiktokcdn.com/img/alisg/webcast-sg/resource/6e2944bf91135c52cc8004d9b7ef36ab.png~tplv-obj.webp,142
57594,淘气小狗,400,4,false,true,https://p16-webcast.tiktokcdn.com/img/alisg/webcast-sg/resource/e9fbad0840d145dd95dabede5a309587.png~tplv-obj.webp,143
15487,踢球挑战,299,4,false,true,https://p16-webcast.tiktokcdn.com/img/alisg/webcast-sg/resource/8065704646452387f6bed049b194f214.png~tplv-obj.webp,144
17923,小丑弹球,199,4,false,true,https://p16-webcast.tiktokcdn.com/img/alisg/webcast-sg/resource/4227bdbc22921d8cdceb3ab14366624d.png~tplv-obj.webp,145
6233,陪你旅行,999,2,true,true,https://p16-webcast.tiktokcdn.com/img/maliva/webcast-va/753098e5a8f45afa965b73616c04cf89~tplv-obj.webp,146
57596,律动萨克斯,299,4,false,true,https://p16-webcast.tiktokcdn.com/img/alisg/webcast-sg/resource/48af771dd2405a0d01b4dd7184e8cfad.png~tplv-obj.webp,147
54560,超能女主,450,4,false,true,https://p16-webcast.tiktokcdn.com/img/alisg/webcast-sg/resource/0b229a89d79cee14ca681b1ce2abac9b.png~tplv-obj.webp,148
10667,VR 眼镜,500,4,false,true,https://p16-webcast.tiktokcdn.com/img/maliva/webcast-va/resource/18c51791197b413bbd1b4f1b983bda36.png~tplv-obj.webp,149
54557,花仙子,399,4,false,true,https://p16-webcast.tiktokcdn.com/img/alisg/webcast-sg/resource/6bfb67efafa3b5fb509cee8b05a1418f.png~tplv-obj.webp,150
6781,爱心西瓜,1000,2,true,true,https://p16-webcast.tiktokcdn.com/img/maliva/webcast-va/1d1650cd9bb0e39d72a6e759525ffe59~tplv-obj.webp,151
15194,永结同心,299,4,false,true,https://p16-webcast.tiktokcdn.com/img/alisg/webcast-sg/resource/72ff280b8c6ce16f6efc9bf4cd6a036b.png~tplv-obj.webp,152
60547,拳拳抱抱,400,4,false,true,https://p16-webcast.tiktokcdn.com/img/alisg/webcast-sg/resource/e66fda832bfce34ad2169ccac08dd6e4.png~tplv-obj.webp,153
17104,森林精灵,249,4,false,true,https://p16-webcast.tiktokcdn.com/img/alisg/webcast-sg/resource/1aeb39ecbb493ea520e23588df61caa1.png~tplv-obj.webp,154
437629,蝴蝶氛围,349,4,false,true,https://p16-webcast.tiktokcdn.com/img/alisg/webcast-sg/resource/6267eee0ceafab651e4cf6ff970cb4ec.png~tplv-obj.webp,155
18230,企鹅雪友,299,4,false,true,https://p16-webcast.tiktokcdn.com/img/alisg/webcast-sg/resource/29828fedfc36982c9395822e9e5aab20.png~tplv-obj.webp,156
16671,Rosie 的萨克斯风,399,4,false,true,https://p16-webcast.tiktokcdn.com/img/alisg/webcast-sg/resource/9e9ccba3ad69fb79462faad2d4bab4a5.png~tplv-obj.webp,157
166583,电音律动,349,4,false,true,https://p16-webcast.tiktokcdn.com/img/alisg/webcast-sg/resource/dc9e4fbd4db927e383cae3166bfa1a7e.png~tplv-obj.webp,158
11809,心弦跳动,449,4,false,true,https://p16-webcast.tiktokcdn.com/img/maliva/webcast-va/resource/11769d71ebd3c6a21f4baa7184791da9.png~tplv-obj.webp,159
17845,蝙蝠头饰,299,4,false,true,https://p16-webcast.tiktokcdn.com/img/alisg/webcast-sg/resource/1ba0996c3dd7db45807fd7f255eb66a4.png~tplv-obj.webp,160
17102,棕榈微风,249,4,false,true,https://p16-webcast.tiktokcdn.com/img/alisg/webcast-sg/resource/dc8043965da9348b305de279cb2fb451.png~tplv-obj.webp,161
16896,掌间玫瑰,199,2,true,true,https://p16-webcast.tiktokcdn.com/img/alisg/webcast-sg/resource/805e6b8051d50ca6e6c9b74d5fc89045.png~tplv-obj.webp,162
6007,拳击手套,299,2,true,true,https://p16-webcast.tiktokcdn.com/img/maliva/webcast-va/9f8bd92363c400c284179f6719b6ba9c~tplv-obj.webp,163
166578,欢唱蛙,249,4,false,true,https://p16-webcast.tiktokcdn.com/img/alisg/webcast-sg/resource/5385a0355ce6eb61e886d7030bce7221.png~tplv-obj.webp,164
18228,姜饼人,349,4,false,true,https://p16-webcast.tiktokcdn.com/img/alisg/webcast-sg/resource/47417dd0758e895c33632863017f5d78.png~tplv-obj.webp,165
18507,糖果花束,349,4,false,true,https://p16-webcast.tiktokcdn.com/img/alisg/webcast-sg/resource/13a78105483d213723d66d7fbf308001.png~tplv-obj.webp,166
5731,珊瑚,499,2,true,true,https://p16-webcast.tiktokcdn.com/img/maliva/webcast-va/d4faa402c32bf4f92bee654b2663d9f1~tplv-obj.webp,167
18198,虎力健身,399,4,false,true,https://p16-webcast.tiktokcdn.com/img/alisg/webcast-sg/resource/5150422ca02095eef30bd508fe0b7cdd.png~tplv-obj.webp,168
11178,大白鹅,399,4,false,true,https://p16-webcast.tiktokcdn.com/img/maliva/webcast-va/resource/3961645e741423d7b334fb4b6488852f.png~tplv-obj.webp,169
18197,挥棒小可爱,449,4,false,true,https://p16-webcast.tiktokcdn.com/img/alisg/webcast-sg/resource/94b42ab4ffd5ccc79279dffc6b109de2.png~tplv-obj.webp,170
19312,仙女吊坠,399,4,false,true,https://p16-webcast.tiktokcdn.com/img/alisg/webcast-sg/resource/02549f9db46985f897f0597b21939947.png~tplv-obj.webp,171
17103,懒人饮料帽,349,4,false,true,https://p16-webcast.tiktokcdn.com/img/alisg/webcast-sg/resource/e6ce2ee0daae3693268b77efec17507f.png~tplv-obj.webp,172
8914,永生玫瑰,399,2,true,true,https://p16-webcast.tiktokcdn.com/img/maliva/webcast-va/resource/863e7947bc793f694acbe970d70440a1.png~tplv-obj.webp,173
16672,光辉之翼,600,4,false,true,https://p16-webcast.tiktokcdn.com/img/alisg/webcast-sg/resource/79afcda7ceb1228d393f4987e12a857c.png~tplv-obj.webp,174
60555,学样小鸡,399,4,false,true,https://p16-webcast.tiktokcdn.com/img/alisg/webcast-sg/resource/f08244625c497c58f33d9fa66e9544b1.png~tplv-obj.webp,175
14568,射下苹果,399,4,false,true,https://p16-webcast.tiktokcdn.com/img/alisg/webcast-sg/resource/12a72eac62721ef031f22d935f6aac4b.png~tplv-obj.webp,176
17689,蝙蝠翼礼帽,349,4,false,true,https://p16-webcast.tiktokcdn.com/img/alisg/webcast-sg/resource/973267050ccb12c111d8048226ac7218.png~tplv-obj.webp,177
15192,外星伙伴,399,4,false,true,https://p16-webcast.tiktokcdn.com/img/alisg/webcast-sg/resource/4d39819a9bd9731b747e42a1ee650406.png~tplv-obj.webp,178
437639,律动草帽,450,4,false,true,https://p16-webcast.tiktokcdn.com/img/alisg/webcast-sg/resource/bc2ddce8e37e383fad04b39083cbb1ab.png~tplv-obj.webp,179
60548,劳动力量,299,4,false,true,https://p16-webcast.tiktokcdn.com/img/alisg/webcast-sg/resource/b7b2b32d19f276cf7dac34e906512a4b.png~tplv-obj.webp,180
282675,炸裂鼓,249,2,true,true,https://p16-webcast.tiktokcdn.com/img/alisg/webcast-sg/resource/599381a83e534232acc4b659ba715622.png~tplv-obj.webp,181
57010,梦幻睡帽,399,4,false,true,https://p16-webcast.tiktokcdn.com/img/alisg/webcast-sg/resource/5074a9b0dd0de8ba6fc8573913ed9cde.png~tplv-obj.webp,182
54562,春日萌芽,299,4,false,true,https://p16-webcast.tiktokcdn.com/img/alisg/webcast-sg/resource/b81807a156aad66d757bacffebae830f.png~tplv-obj.webp,183
6820,鲸鱼潜水,2150,2,true,true,https://p16-webcast.tiktokcdn.com/img/maliva/webcast-va/46fa70966d8e931497f5289060f9a794~tplv-obj.webp,184
59775,功放燃爆,249,4,false,true,https://p16-webcast.tiktokcdn.com/img/alisg/webcast-sg/resource/50c72a9440674a6ef58c08fc51a56071.png~tplv-obj.webp,185
191116,超级老爸,400,4,false,true,https://p16-webcast.tiktokcdn.com/img/alisg/webcast-sg/resource/051c27a3b0193820ca640c5921d01b9c.png~tplv-obj.webp,186
60549,筑梦工匠,349,4,false,true,https://p16-webcast.tiktokcdn.com/img/alisg/webcast-sg/resource/48a2ba41b964c6e8b3bc9320c539498d.png~tplv-obj.webp,187
57593,蜜蜂出巢,549,4,false,true,https://p16-webcast.tiktokcdn.com/img/alisg/webcast-sg/resource/92bd8c4f0d4fef2cee16e9adcd50a222.png~tplv-obj.webp,188
437599,极光律动,399,4,false,true,https://p16-webcast.tiktokcdn.com/img/alisg/webcast-sg/resource/c4f86eba5aa4db031fb8aa88a4d9581f.png~tplv-obj.webp,189
118814,诗一般的乐谱,249,4,false,true,https://p16-webcast.tiktokcdn.com/img/alisg/webcast-sg/resource/d3b6863a4f43cbce53aad602fe8f2470.png~tplv-obj.webp,190
48231,小马灯笼,299,4,false,true,https://p16-webcast.tiktokcdn.com/img/alisg/webcast-sg/resource/513e60117034e851dc6c923ea8a3125b.png~tplv-obj.webp,191
60550,荣耀大厨,400,4,false,true,https://p16-webcast.tiktokcdn.com/img/alisg/webcast-sg/resource/fbde1e4231b695c9e81d623ab59ca8fb.png~tplv-obj.webp,192
18508,盲盒,500,4,false,true,https://p16-webcast.tiktokcdn.com/img/alisg/webcast-sg/resource/17667837f58f77f6e189617880315f7c.png~tplv-obj.webp,193
60553,袋鼠妈妈,500,4,false,true,https://p16-webcast.tiktokcdn.com/img/alisg/webcast-sg/resource/21ecb3e59170b2fa5a38d23823cff6ff.png~tplv-obj.webp,194
5897,天鹅,699,2,true,true,https://p16-webcast.tiktokcdn.com/img/maliva/webcast-va/97a26919dbf6afe262c97e22a83f4bf1~tplv-obj.webp,195
18231,圣诞猫头鹰惊喜,399,4,false,true,https://p16-webcast.tiktokcdn.com/img/alisg/webcast-sg/resource/d70298039a39a03723b95b9a76421bc1.png~tplv-obj.webp,196
12210,玫瑰豆 Rosie,399,2,true,true,https://p16-webcast.tiktokcdn.com/img/maliva/webcast-va/resource/3cbaea405cc61e8eaab6f5a14d127511.png~tplv-obj.webp,197
191123,卡皮巴拉老爹,399,4,false,true,https://p16-webcast.tiktokcdn.com/img/alisg/webcast-sg/resource/8442dc0eed7795d7515c99a45b5a6f2b.png~tplv-obj.webp,198
6090,烟火,1088,2,true,true,https://p16-webcast.tiktokcdn.com/img/maliva/webcast-va/9494c8a0bc5c03521ef65368e59cc2b8~tplv-obj.webp,199
14381,七彩翅膀,700,4,false,true,https://p16-webcast.tiktokcdn.com/img/alisg/webcast-sg/resource/67f29babb4506da83fed2d9143e6079b.png~tplv-obj.webp,200
842698,喵音小号,449,4,false,true,https://p16-webcast.tiktokcdn.com/img/alisg/webcast-sg/resource/14bda6b6a9813d881a498ff6cdecfa8c.png~tplv-obj.webp,201
17984,沙滩沙锤,349,4,false,true,https://p16-webcast.tiktokcdn.com/img/alisg/webcast-sg/resource/db8bf15e39052e17289b70d9eaa926e0.png~tplv-obj.webp,202
18605,梦幻弦音,249,4,false,true,https://p16-webcast.tiktokcdn.com/img/alisg/webcast-sg/resource/68e68d79a6ad382321c9cbdee966c025.png~tplv-obj.webp,203
657072,宇宙第一棒,300,2,true,true,https://p16-webcast.tiktokcdn.com/img/alisg/webcast-sg/resource/7d7f997e77c650d8b5f5dfd120b40379.png~tplv-obj.webp,204
14399,律动火烈鸟,1000,4,false,true,https://p16-webcast.tiktokcdn.com/img/alisg/webcast-sg/resource/ef1e4cf78bb27e6164f53e1695e7a5bc.png~tplv-obj.webp,205
842704,打碟海豹,349,4,false,true,https://p16-webcast.tiktokcdn.com/img/alisg/webcast-sg/resource/dbfb40baefad16c14b0df3506cd1c48a.png~tplv-obj.webp,206
121583,大提琴浪漫曲,299,2,true,true,https://p16-webcast.tiktokcdn.com/img/alisg/webcast-sg/resource/4756a2a4604d2cb5bb5b0639b259e9b5.png~tplv-obj.webp,207
19314,熊猫快拍,399,4,false,true,https://p16-webcast.tiktokcdn.com/img/alisg/webcast-sg/resource/a96c32f3272df1905eb3f3d51b53308b.png~tplv-obj.webp,208
18195,复古飞行员头盔,349,4,false,true,https://p16-webcast.tiktokcdn.com/img/alisg/webcast-sg/resource/e9764af4b6dce95b8f993b3902eb1d76.png~tplv-obj.webp,209
18137,记录你的声音,449,4,false,true,https://p16-webcast.tiktokcdn.com/img/alisg/webcast-sg/resource/73613a349fbac56473acd823675f5752.png~tplv-obj.webp,210
14397,精灵翅膀,1000,4,false,true,https://p16-webcast.tiktokcdn.com/img/alisg/webcast-sg/resource/d9798af8e406e718e66322caddf04440.png~tplv-obj.webp,211
919320,心跳之语,199,2,true,true,https://p16-webcast.tiktokcdn.com/img/alisg/webcast-sg/resource/025d6bd762e1f1b5ab8f5fe0a9325850.png~tplv-obj.webp,212
133120,拿起麦克风,199,4,false,true,https://p16-webcast.tiktokcdn.com/img/alisg/webcast-sg/resource/3839265e5f4586ed1b277a74b1a88841.png~tplv-obj.webp,213
191117,打工人企鹅,450,4,false,true,https://p16-webcast.tiktokcdn.com/img/alisg/webcast-sg/resource/6ea833f3d87ee4a9f08805204195ba69.png~tplv-obj.webp,214
15193,欢乐帽,450,4,false,true,https://p16-webcast.tiktokcdn.com/img/alisg/webcast-sg/resource/9fcbc11bf61ee4b5790f2b3677a45ac6.png~tplv-obj.webp,215
437669,流行鹦鹉,400,4,false,true,https://p16-webcast.tiktokcdn.com/img/alisg/webcast-sg/resource/0b833cc809215f28cc594a915b3bb93a.png~tplv-obj.webp,216
18610,音乐伴侣,299,4,false,true,https://p16-webcast.tiktokcdn.com/img/alisg/webcast-sg/resource/789d404702b42340359a4b5ea9366dbb.png~tplv-obj.webp,217
12213,聪明豆 Sage,399,2,true,true,https://p16-webcast.tiktokcdn.com/img/maliva/webcast-va/resource/ed2cc456ab1a8619c5093eb8cfd3d303.png~tplv-obj.webp,218
17357,海盗宝藏,449,4,false,true,https://p16-webcast.tiktokcdn.com/img/alisg/webcast-sg/resource/ec205551b4ed75a5a12e2dd49e70b723.png~tplv-obj.webp,219
170277,萨兹琴,200,2,true,true,https://p16-webcast.tiktokcdn.com/img/alisg/webcast-sg/resource/59ce7287377c4a6523eaf0706e5b04f7.png~tplv-obj.webp,220
18608,摇滚蘑菇,349,4,false,true,https://p16-webcast.tiktokcdn.com/img/alisg/webcast-sg/resource/cbc0508afc678106f11392ae1ed3c055.png~tplv-obj.webp,221
16637,兔耳帽,500,4,false,true,https://p16-webcast.tiktokcdn.com/img/alisg/webcast-sg/resource/296fc5bf7a4df1db6de50d80414c5407.png~tplv-obj.webp,222
57595,树懒探头,450,4,false,true,https://p16-webcast.tiktokcdn.com/img/alisg/webcast-sg/resource/602e3444f1810b8b048a2e706eb19898.png~tplv-obj.webp,223
19307,心弦吉他,500,4,false,true,https://p16-webcast.tiktokcdn.com/img/alisg/webcast-sg/resource/5fcee4f89ea8119ecc5e9c47c008d54b.png~tplv-obj.webp,224
11583,DJ 眼镜,500,4,false,true,https://p16-webcast.tiktokcdn.com/img/maliva/webcast-va/resource/d4aad726e2759e54a924fbcd628ea143.png~tplv-obj.webp,225
170193,埃及竖琴,200,2,true,true,https://p16-webcast.tiktokcdn.com/img/alisg/webcast-sg/resource/964574672ba78aec095a139e955de948.png~tplv-obj.webp,226
170498,绽放铜管,199,4,false,true,https://p16-webcast.tiktokcdn.com/img/alisg/webcast-sg/resource/fd29f58a9a2e25a01cd296f032caebe2.png~tplv-obj.webp,227
170508,节奏机器人,199,4,false,true,https://p16-webcast.tiktokcdn.com/img/alisg/webcast-sg/resource/ab9626d3236e46633b67883c5aa1b7b9.png~tplv-obj.webp,228
15065,赛车首秀,1500,2,true,true,https://p16-webcast.tiktokcdn.com/img/alisg/webcast-sg/resource/b5ac8bb9da5569185bfdc1be357d3906.png~tplv-obj.webp,229
59774,DJ 音浪,400,4,false,true,https://p16-webcast.tiktokcdn.com/img/alisg/webcast-sg/resource/fe27af553f82c4370a6a62c636ee4f7b.png~tplv-obj.webp,230
437689,天才鼓手,500,4,false,true,https://p16-webcast.tiktokcdn.com/img/alisg/webcast-sg/resource/e36563ca73d22d82d51fd0317d0dcf6d.png~tplv-obj.webp,231
48221,萌爪呼叫,450,4,false,true,https://p16-webcast.tiktokcdn.com/img/alisg/webcast-sg/resource/0be8fcd307c249a9051dcc4e9dc51507.png~tplv-obj.webp,232
57008,幸运礼帽,450,4,false,true,https://p16-webcast.tiktokcdn.com/img/alisg/webcast-sg/resource/c53bd514827a6c5db739540ea4b8d126.png~tplv-obj.webp,233
170504,旋律耳机,399,4,false,true,https://p16-webcast.tiktokcdn.com/img/alisg/webcast-sg/resource/0a2a365726e4eddddc7d71c43110c9b4.png~tplv-obj.webp,234
110506,摇滚猫咪,400,4,false,true,https://p16-webcast.tiktokcdn.com/img/alisg/webcast-sg/resource/4a8097309c114d76bcd615ab54efc8bd.png~tplv-obj.webp,235
10668,遇见未来,1500,2,true,true,https://p16-webcast.tiktokcdn.com/img/maliva/webcast-va/resource/af980f4ec9ed73f3229df8dfb583abe6.png~tplv-obj.webp,236
133359,DJ 装备,399,4,false,true,https://p16-webcast.tiktokcdn.com/img/alisg/webcast-sg/resource/3798f7dd8de451efca9f0c357a591177.png~tplv-obj.webp,237
15190,强大心智,450,4,false,true,https://p16-webcast.tiktokcdn.com/img/alisg/webcast-sg/resource/2184128b55eaef8a390a1a43a2ffdf16.png~tplv-obj.webp,238
12212,摇滚豆 Rocky,399,2,true,true,https://p16-webcast.tiktokcdn.com/img/maliva/webcast-va/resource/767d7ea90f58f3676bbc5b1ae3c9851d.png~tplv-obj.webp,239
17983,玫瑰声波,499,4,false,true,https://p16-webcast.tiktokcdn.com/img/alisg/webcast-sg/resource/116f10b4d15bcfc0c945554778d52c7c.png~tplv-obj.webp,240
170501,魔法手风琴,400,4,false,true,https://p16-webcast.tiktokcdn.com/img/alisg/webcast-sg/resource/d078c71be3f27bac1cbb9e2c8a5ab945.png~tplv-obj.webp,241
58238,击鼓仓鼠,549,4,false,true,https://p16-webcast.tiktokcdn.com/img/alisg/webcast-sg/resource/a7b5c0dd3569b6bea5e4456bd8b38da7.png~tplv-obj.webp,242
282749,摇摆大提琴,299,2,true,true,https://p16-webcast.tiktokcdn.com/img/alisg/webcast-sg/resource/0f588bb40de838a08dff601c404c8065.png~tplv-obj.webp,243
14398,热辣舞台,1400,4,false,true,https://p16-webcast.tiktokcdn.com/img/alisg/webcast-sg/resource/ae0a1abca4313c916e2a4e40813d90d6.png~tplv-obj.webp,244
739730,节奏皇冠,299,4,false,true,https://p16-webcast.tiktokcdn.com/img/alisg/webcast-sg/resource/f973acf708adf86a775541b20a2e8804.png~tplv-obj.webp,245
6646,小猫里昂,4888,2,true,true,https://p16-webcast.tiktokcdn.com/img/maliva/webcast-va/a7748baba012c9e2d98a30dce7cc5a27~tplv-obj.webp,246
739778,花之小夜曲,399,4,false,true,https://p16-webcast.tiktokcdn.com/img/alisg/webcast-sg/resource/8564f8573780b2bd0ab8f5b39d04a99d.png~tplv-obj.webp,247
18199,太空之爱,449,4,false,true,https://p16-webcast.tiktokcdn.com/img/alisg/webcast-sg/resource/186d36ad446fe5336a3ddce47eae5dab.png~tplv-obj.webp,248
985642,心跳声琴键,400,4,false,true,https://p16-webcast.tiktokcdn.com/img/alisg/webcast-sg/resource/96606117e1856789f9cf3c6738a549af.png~tplv-obj.webp,249
19306,丘比特考拉,450,4,false,true,https://p16-webcast.tiktokcdn.com/img/alisg/webcast-sg/resource/823041a7f03f56fafd40b7b8c9812bd8.png~tplv-obj.webp,250
9717,幸运空投箱,999,2,true,true,https://p16-webcast.tiktokcdn.com/img/maliva/webcast-va/resource/6ae56f08ae3ee57ea2dda0025bfd39d3.png~tplv-obj.webp,251
58236,仙人掌舞步,399,4,false,true,https://p16-webcast.tiktokcdn.com/img/alisg/webcast-sg/resource/b243b36466f8e18116deb7be245e1a56.png~tplv-obj.webp,252
739740,非洲鼓大师,349,4,false,true,https://p16-webcast.tiktokcdn.com/img/alisg/webcast-sg/resource/ef051d193735bc76af4767d4dba7a7e9.png~tplv-obj.webp,253
58237,小丑布吉,449,4,false,true,https://p16-webcast.tiktokcdn.com/img/alisg/webcast-sg/resource/379f132acd166deee7b1db9132b29342.png~tplv-obj.webp,254
18509,庆祝帽,450,4,false,true,https://p16-webcast.tiktokcdn.com/img/alisg/webcast-sg/resource/39ae5c2723ac3754b25c05ef7c6744c3.png~tplv-obj.webp,255
166576,樱花风 DJ,600,4,false,true,https://p16-webcast.tiktokcdn.com/img/alisg/webcast-sg/resource/b2b60cbadb2a4ac3b73c1af63c1be972.png~tplv-obj.webp,256
57597,嗨唱熊,399,4,false,true,https://p16-webcast.tiktokcdn.com/img/alisg/webcast-sg/resource/3afb4aeb6abf9335864ce85f364156e2.png~tplv-obj.webp,257
12211,欢乐豆 Jollie,399,2,true,true,https://p16-webcast.tiktokcdn.com/img/maliva/webcast-va/resource/0e3769575f5b7b27b67c6330376961a4.png~tplv-obj.webp,258
18606,乐动萨克斯风,399,4,false,true,https://p16-webcast.tiktokcdn.com/img/alisg/webcast-sg/resource/0962211de9b80bda00a7da89400d2a5a.png~tplv-obj.webp,259
139582,应援毛巾,299,4,false,true,https://p16-webcast.tiktokcdn.com/img/alisg/webcast-sg/resource/21d7109b0ee067d1c01662c6c7803d0f.png~tplv-obj.webp,260
110508,经典留声,349,4,false,true,https://p16-webcast.tiktokcdn.com/img/alisg/webcast-sg/resource/ec7722263eb34a0f54e84eb40e50acfd.png~tplv-obj.webp,261
59882,战神装甲,500,4,false,true,https://p16-webcast.tiktokcdn.com/img/alisg/webcast-sg/resource/b56ae46e704d451ca4477042363d7f2c.png~tplv-obj.webp,262
18025,音乐指挥,450,4,false,true,https://p16-webcast.tiktokcdn.com/img/alisg/webcast-sg/resource/1351df201d2481a07a33af2ea06af84f.png~tplv-obj.webp,263
121582,雨中肖邦,349,2,true,true,https://p16-webcast.tiktokcdn.com/img/alisg/webcast-sg/resource/991cb8b02429d17007db77e38c1aeaf6.png~tplv-obj.webp,264
13263,爱心庇护所,1200,4,false,true,https://p16-webcast.tiktokcdn.com/img/maliva/webcast-va/resource/3b1e8de86d841496b87567014827537b.png~tplv-obj.webp,265
170503,节拍之翼,399,4,false,true,https://p16-webcast.tiktokcdn.com/img/alisg/webcast-sg/resource/9abdd62c5ea93108bf8c8a8aec7a8e70.png~tplv-obj.webp,266
17846,万圣节趣味帽,450,4,false,true,https://p16-webcast.tiktokcdn.com/img/alisg/webcast-sg/resource/45a573035e301087d1ffe91e0f1513cb.png~tplv-obj.webp,267
9465,水果朋友,299,2,true,true,https://p16-webcast.tiktokcdn.com/img/maliva/webcast-va/resource/1153dd51308c556cb4fcc48c7d62209f.png~tplv-obj.webp,268
118926,尤克里里乐手,349,2,true,true,https://p16-webcast.tiktokcdn.com/img/alisg/webcast-sg/resource/2385dccf1c6ce8b31233186a1072c5ac.png~tplv-obj.webp,269
170505,复古耳机,349,4,false,true,https://p16-webcast.tiktokcdn.com/img/alisg/webcast-sg/resource/304e6fc712fae569cefe24c48f157c7d.png~tplv-obj.webp,270
657024,魅力萨克斯,700,2,true,true,https://p16-webcast.tiktokcdn.com/img/alisg/webcast-sg/resource/1519809f265378212c1d120f7921a64e.png~tplv-obj.webp,271
18232,温馨圣诞套装,500,4,false,true,https://p16-webcast.tiktokcdn.com/img/alisg/webcast-sg/resource/cea35adc166d87bd2f9ca00580ce80e2.png~tplv-obj.webp,272
18226,圣诞树帽,449,4,false,true,https://p16-webcast.tiktokcdn.com/img/alisg/webcast-sg/resource/07611650030bc00a33787a7a0d91dcec.png~tplv-obj.webp,273
17827,糖果战利品,449,4,false,true,https://p16-webcast.tiktokcdn.com/img/alisg/webcast-sg/resource/942191ca3bdc5b648c725e2800a1c3d2.png~tplv-obj.webp,274
139584,潮音萌鼓,500,2,true,true,https://p16-webcast.tiktokcdn.com/img/alisg/webcast-sg/resource/b446be331b24f136afbdff8eaf5cf9d5.png~tplv-obj.webp,275
131887,PK 大师,500,4,false,true,https://p16-webcast.tiktokcdn.com/img/alisg/webcast-sg/resource/a98343930fc478c09c754f15a4283cf3.png~tplv-obj.webp,276
15762,安可拍手,449,4,false,true,https://p16-webcast.tiktokcdn.com/img/alisg/webcast-sg/resource/5b5e6863e349500d0c8ad6d67353728b.png~tplv-obj.webp,277
971136,斯巴达头盔,399,4,false,true,https://p16-webcast.tiktokcdn.com/img/alisg/webcast-sg/resource/97f586f8a1827e0d9d6f1019c97a91f0.png~tplv-obj.webp,278
118939,电子情歌,449,2,true,true,https://p16-webcast.tiktokcdn.com/img/alisg/webcast-sg/resource/5aa9258af43983e39f90cf300c3e98d4.png~tplv-obj.webp,279
437709,琴键大师,499,4,false,true,https://p16-webcast.tiktokcdn.com/img/alisg/webcast-sg/resource/f4d326af96042b6f542dca3c91e67fb8.png~tplv-obj.webp,280
166581,音律魔咒,500,4,false,true,https://p16-webcast.tiktokcdn.com/img/alisg/webcast-sg/resource/39628d1ff0e4ec68e4053fd936bee2a8.png~tplv-obj.webp,281
130787,加油！,299,4,false,true,https://p16-webcast.tiktokcdn.com/img/alisg/webcast-sg/resource/1bc7335bffaba2703a5ce4caf22afe61.png~tplv-obj.webp,282
919330,凯门琴之风,399,2,true,true,https://p16-webcast.tiktokcdn.com/img/alisg/webcast-sg/resource/b1209f13669a1f3f71afa0bd8daba87b.png~tplv-obj.webp,283
6369,狮子,29999,2,true,true,https://p16-webcast.tiktokcdn.com/img/maliva/webcast-va/4fb89af2082a290b37d704e20f4fe729~tplv-obj.webp,284
18607,都市流行乐,450,4,false,true,https://p16-webcast.tiktokcdn.com/img/alisg/webcast-sg/resource/d70148f36f3f740123bb9be341c13d77.png~tplv-obj.webp,285
6862,飞行回家的 Cooper,1999,2,true,true,https://p16-webcast.tiktokcdn.com/img/maliva/webcast-va/3f1945b0d96e665a759f747e5e0cf7a9~tplv-obj.webp,286
58235,海马流行乐,649,4,false,true,https://p16-webcast.tiktokcdn.com/img/alisg/webcast-sg/resource/7b023066149c8d1f865348257d49556f.png~tplv-obj.webp,287
11811,动物乐队,2500,4,false,true,https://p16-webcast.tiktokcdn.com/img/maliva/webcast-va/resource/60d8c4148c9cd0c268e570741ccf4150.png~tplv-obj.webp,288
6563,流星雨,3000,2,true,true,https://p16-webcast.tiktokcdn.com/img/maliva/webcast-va/71883933511237f7eaa1bf8cd12ed575~tplv-obj.webp,289
52616,镭射狂欢,1300,2,true,true,https://p16-webcast.tiktokcdn.com/img/alisg/webcast-sg/resource/469999dc1598d243114e9969f8d19467.png~tplv-obj.webp,290
118817,史诗钢琴家,800,2,true,true,https://p16-webcast.tiktokcdn.com/img/alisg/webcast-sg/resource/5502bfb46b11ef92c70597eae10b35e3.png~tplv-obj.webp,291
166579,摇滚,449,4,false,true,https://p16-webcast.tiktokcdn.com/img/alisg/webcast-sg/resource/73af504cd0bf8733febcf7fb98249f0f.png~tplv-obj.webp,292
52617,狂野音浪,1500,2,true,true,https://p16-webcast.tiktokcdn.com/img/alisg/webcast-sg/resource/61e7dc294d766a81abf7bce5591db60c.png~tplv-obj.webp,293
10669,未来之城,6000,2,true,true,https://p16-webcast.tiktokcdn.com/img/maliva/webcast-va/resource/963b7c25aa2cedc0de22358342645e87.png~tplv-obj.webp,294
437699,摇滚偶像,400,4,false,true,https://p16-webcast.tiktokcdn.com/img/alisg/webcast-sg/resource/d6dd4a9e05d9adcc90eefeb54f32b3ef.png~tplv-obj.webp,295
842694,霓虹摇滚明星,400,4,false,true,https://p16-webcast.tiktokcdn.com/img/alisg/webcast-sg/resource/1bc4b1c161fb71b4e5c79845fc8ffae6.png~tplv-obj.webp,296
9500,喷气式飞机,5000,2,true,true,https://p16-webcast.tiktokcdn.com/img/maliva/webcast-va/resource/1d067d13988e8754ed6adbebd89b9ee8.png~tplv-obj.webp,297
14788,Rosie 飞吻,2199,4,false,true,https://p16-webcast.tiktokcdn.com/img/alisg/webcast-sg/resource/710076b6be7de742f800c4ab88fab9ff.png~tplv-obj.webp,298
1137705,同步欢唱,399,4,false,true,https://p16-webcast.tiktokcdn.com/img/alisg/webcast-sg/resource/4a8c1a5dd3f2bc5157b25065ad8ba628.png~tplv-obj.webp,299
7467,追逐梦想,1500,2,true,true,https://p16-webcast.tiktokcdn.com/img/maliva/webcast-va/1ea8dbb805466c4ced19f29e9590040f~tplv-obj.webp,300
16670,九尾狐,1800,4,false,true,https://p16-webcast.tiktokcdn.com/img/alisg/webcast-sg/resource/fac01b1cc3a676a38e749959faca9fb2.png~tplv-obj.webp,301
5765,摩托车,2988,2,true,true,https://p16-webcast.tiktokcdn.com/img/alisg/webcast-sg/motor_icon_green.png~tplv-obj.webp,302
11584,尽在掌控中,1500,2,true,true,https://p16-webcast.tiktokcdn.com/img/maliva/webcast-va/resource/af67b28480c552fd8e8c0ae088d07a1d.png~tplv-obj.webp,303
11810,个人演唱会,4500,4,false,true,https://p16-webcast.tiktokcdn.com/img/maliva/webcast-va/resource/86c9c8fb5aa76488b075f139dd575dfe.png~tplv-obj.webp,304
6149,星际穿越,10000,2,true,true,https://p16-webcast.tiktokcdn.com/img/maliva/webcast-va/8520d47b59c202a4534c1560a355ae06~tplv-obj.webp,305
5767,私人飞机,4888,2,true,true,https://p16-webcast.tiktokcdn.com/img/alisg/webcast-sg/airplane_icon_gold.png~tplv-obj.webp,306
842710,蜂蜜吉他手,500,4,false,true,https://p16-webcast.tiktokcdn.com/img/alisg/webcast-sg/resource/dc29a63f887723774f536e65fd449e56.png~tplv-obj.webp,307
9909,贺卡,1500,2,true,true,https://p16-webcast.tiktokcdn.com/img/maliva/webcast-va/resource/dac91f95d4135654fe16d09369dd8355.png~tplv-obj.webp,308
437679,兔兔 DJ,1200,4,false,true,https://p16-webcast.tiktokcdn.com/img/alisg/webcast-sg/resource/a153c23e583bb07d39c6fa5789c865fd.png~tplv-obj.webp,309
7823,Leon 和 Lion,34000,2,true,true,https://p16-webcast.tiktokcdn.com/img/maliva/webcast-va/a291aedacf27d22c3fd2d83575d2bee9~tplv-obj.webp,310
8916,Leon 与 Lili,9699,2,true,true,https://p16-webcast.tiktokcdn.com/img/maliva/webcast-va/resource/6958244f3eeb69ce754f735b5833a4aa.png~tplv-obj.webp,311
6203,日落赛车,10000,2,true,true,https://p16-webcast.tiktokcdn.com/img/maliva/webcast-va/df63eee488dc0994f6f5cb2e65f2ae49~tplv-obj.webp,312
1137707,舞台摇摆,899,2,true,true,https://p16-webcast.tiktokcdn.com/img/alisg/webcast-sg/resource/85b4633803e2f7ca5aadc1176a32cacd.png~tplv-obj.webp,313
9467,花豹 Lili,6599,2,true,true,https://p16-webcast.tiktokcdn.com/img/maliva/webcast-va/resource/7be03e1af477d1dbc6eb742d0c969372.png~tplv-obj.webp,314
223562,荧光棒,1599,2,true,true,https://p16-webcast.tiktokcdn.com/img/alisg/webcast-sg/resource/f9a026be1ba5c9db25ef92a5308bcbec.png~tplv-obj.webp,315
59883,点火自检,1500,2,true,true,https://p16-webcast.tiktokcdn.com/img/alisg/webcast-sg/resource/f260aeb10751f0ad9092e6c0c52c950e.png~tplv-obj.webp,316
6089,跑车,7000,2,true,true,https://p16-webcast.tiktokcdn.com/img/alisg/webcast-sg/e7ce188da898772f18aaffe49a7bd7db~tplv-obj.webp,317
1241064,魔鬼鱼小夜曲,2999,2,true,true,https://p16-webcast.tiktokcdn.com/img/alisg/webcast-sg/resource/9d3f9c9dbfc70f136d1070c2d730bf12.png~tplv-obj.webp,318
14790,Rocky 的重拳,2199,4,false,true,https://p16-webcast.tiktokcdn.com/img/alisg/webcast-sg/resource/d17fb8a57c708c4f07f95884131df654.png~tplv-obj.webp,319
52618,应援光海,2200,2,true,true,https://p16-webcast.tiktokcdn.com/img/alisg/webcast-sg/resource/5734e71ba84d872c08d8c68e94b5ce36.png~tplv-obj.webp,320
985636,疯帽客,900,4,false,true,https://p16-webcast.tiktokcdn.com/img/alisg/webcast-sg/resource/453a17708fbb676e36ea9e1de5e768e7.png~tplv-obj.webp,321
14789,Jollie 的心灵家园,2199,2,true,true,https://p16-webcast.tiktokcdn.com/img/alisg/webcast-sg/resource/0eafd5c28cdb2563f3386679643abb29.png~tplv-obj.webp,322
52619,嘻哈小鸡,3200,2,true,true,https://p16-webcast.tiktokcdn.com/img/alisg/webcast-sg/resource/796b15068f06c947eeead7517e0bd5e4.png~tplv-obj.webp,323
14791,Sage 的金币机器人,2199,2,true,true,https://p16-webcast.tiktokcdn.com/img/alisg/webcast-sg/resource/443c163954f4f7636909fb6980518745.png~tplv-obj.webp,324
11585,努力工作，嗨翻全场,6000,2,true,true,https://p16-webcast.tiktokcdn.com/img/maliva/webcast-va/resource/3257e15b3f6697aed88b4ac51b816603.png~tplv-obj.webp,325
9468,韵律熊,2999,2,true,true,https://p16-webcast.tiktokcdn.com/img/alisg/webcast-sg/resource/380ced1977319859807292ce490993d2.png~tplv-obj.webp,326
139586,庆祝彩带,2800,2,true,true,https://p16-webcast.tiktokcdn.com/img/alisg/webcast-sg/resource/54ebb513c937a6f68f97273e200fbab1.png~tplv-obj.webp,327
17762,派对巴士,2999,2,true,true,https://p16-webcast.tiktokcdn.com/img/alisg/webcast-sg/resource/719e1f271c29f2165bda5d787501c307.png~tplv-obj.webp,328
13604,火龙,4888,4,false,true,https://p16-webcast.tiktokcdn.com/img/maliva/webcast-va/resource/8d1281789de0a5dfa69f90ecf0dc1534.png~tplv-obj.webp,329
15066,巅峰冲线,6000,2,true,true,https://p16-webcast.tiktokcdn.com/img/alisg/webcast-sg/resource/9ad035b088dfeaf298fdc9cd84d50000.png~tplv-obj.webp,330
8912,玫瑰星云,15000,2,true,true,https://p16-webcast.tiktokcdn.com/img/maliva/webcast-va/resource/f722088231103b66875dae33f13f8719.png~tplv-obj.webp,331
6751,TikTok 火箭,20000,2,true,true,https://p16-webcast.tiktokcdn.com/img/maliva/webcast-va/8ef48feba8dd293a75ae9d4376fb17c9~tplv-obj.webp,332
7319,火凤凰,25999,2,true,true,https://p16-webcast.tiktokcdn.com/img/alisg/webcast-sg/resource/2c5980ea26241ebeeab76de701d47968.png~tplv-obj.webp,333
10670,未来之旅,15000,2,true,true,https://p16-webcast.tiktokcdn.com/img/maliva/webcast-va/resource/dd615b15ed696ee886064d5415dab688.png~tplv-obj.webp,334
657042,抱抱就好了,1600,2,true,true,https://p16-webcast.tiktokcdn.com/img/alisg/webcast-sg/resource/1569f2951c105604f89f375d0b27fdc2.png~tplv-obj.webp,335
7610,龙之焰,26999,2,true,true,https://p16-webcast.tiktokcdn.com/img/alisg/webcast-sg/resource/e5af942cbf6c909da2f11950b1df8b8d.png~tplv-obj.webp,336
8582,TikTok Stars,39999,2,true,true,https://p16-webcast.tiktokcdn.com/img/maliva/webcast-va/b1667c891ed39fd68ba7252fff7a1e7c~tplv-obj.webp,337
11586,派对进行时,15000,2,true,true,https://p16-webcast.tiktokcdn.com/img/maliva/webcast-va/resource/c45505ece4a91d9c43e4ba98a000b006.png~tplv-obj.webp,338
59884,锈甲重铸,6000,2,true,true,https://p16-webcast.tiktokcdn.com/img/alisg/webcast-sg/resource/c3a6635093aade8983cbeebd356343ee.png~tplv-obj.webp,339
59885,锈甲破世一战,18999,2,true,true,https://p16-webcast.tiktokcdn.com/img/alisg/webcast-sg/resource/0a295ee8674ff2a9a05ef8e9151bbe75.png~tplv-obj.webp,340
9466,游乐园,17000,2,true,true,https://p16-webcast.tiktokcdn.com/img/maliva/webcast-va/resource/12ecc01c2984c5d85bb508e80103a3cb.png~tplv-obj.webp,341
105817,璀璨球场,15999,2,true,true,https://p16-webcast.tiktokcdn.com/img/alisg/webcast-sg/resource/5d4509c515147c6e7f563d54b2dac6ce.png~tplv-obj.webp,342
131894,PK 精灵,2999,2,true,true,https://p16-webcast.tiktokcdn.com/img/alisg/webcast-sg/resource/c047a4e7e21631260f1d0ae9f820a7c4.png~tplv-obj.webp,343
1241070,海妖咏叹调,22500,2,true,true,https://p16-webcast.tiktokcdn.com/img/alisg/webcast-sg/resource/042f07476338891c7a87fae9673cee52.png~tplv-obj.webp,344
7400,Adam 的梦想,25999,2,true,true,https://p16-webcast.tiktokcdn.com/img/maliva/webcast-va/9a586391fbb1e21621c4203e5563a9e0~tplv-obj.webp,345
133121,Rosie on Stage,2999,4,false,true,https://p16-webcast.tiktokcdn.com/img/alisg/webcast-sg/resource/4bda29ff82aad845a13ec0e4549142ab.png~tplv-obj.webp,346
133123,我的梦想舞台,5999,4,false,true,https://p16-webcast.tiktokcdn.com/img/alisg/webcast-sg/resource/ff6cd68927d62446b72e2f1dd3f9d491.png~tplv-obj.webp,347
1137712,终曲炸场,6999,2,true,true,https://p16-webcast.tiktokcdn.com/img/alisg/webcast-sg/resource/7470c93329bacdc12366450b6ae44d1b.png~tplv-obj.webp,348
105810,守护者誓约,4999,2,true,false,https://p16-webcast.tiktokcdn.com/img/alisg/webcast-sg/resource/1fc62b695705581a91cc2f7902eba1d2.png~tplv-obj.webp,349
12853,等级飞船,21000,2,true,false,https://p16-webcast.tiktokcdn.com/img/alisg/webcast-sg/resource/aca72c59f99d08b0c0d1cd6cc79dbb16.png~tplv-obj.webp,350
12852,等级飞船,1500,2,true,false,https://p16-webcast.tiktokcdn.com/img/alisg/webcast-sg/resource/61863cebe02f25d95f187d3b0033718d.png~tplv-obj.webp,351
131882,PK 时刻,1,1,true,false,https://p16-webcast.tiktokcdn.com/img/alisg/webcast-sg/resource/be170a9d325c02c1d5786301679bf013.png~tplv-obj.webp,352
8469,狼,5500,2,true,false,https://p16-webcast.tiktokcdn.com/img/maliva/webcast-va/resource/002d5e13fd6cd18b7574b43dc4fd13ae.png~tplv-obj.webp,353
105610,精彩破门-美国,6000,2,true,false,https://p16-webcast.tiktokcdn.com/img/alisg/webcast-sg/resource/23bdd4cc4095faef63c2cfbbb529a4af.png~tplv-obj.webp,354
9101,TikTok Universe,44999,2,true,false,https://p16-webcast.tiktokcdn.com/img/maliva/webcast-va/8f471afbcebfda3841a6cc515e381f58~tplv-obj.webp,355
1213441,热可可,30,1,true,false,https://p16-webcast.tiktokcdn.com/img/alisg/webcast-sg/resource/9a0ae13b71859d1e4be7f222d12ec6be.png~tplv-obj.webp,356
62819,社区助力,2999,2,true,false,https://p16-webcast.tiktokcdn.com/img/alisg/webcast-sg/resource/975476a220c95dd1a8a167565485c210.png~tplv-obj.webp,357
973132,水晶钓竿,10000,2,true,false,https://p16-webcast.tiktokcdn.com/img/alisg/webcast-sg/resource/205bcde8d70cacac155907eb8227ce20.png~tplv-obj.webp,358
17213,秋叶,500,2,true,false,https://p16-webcast.tiktokcdn.com/img/alisg/webcast-sg/resource/30adcaf443df63e3bfd2751ad251f87d.png~tplv-obj.webp,359
16694,XXXL 花,500,2,true,false,https://p16-webcast.tiktokcdn.com/img/alisg/webcast-sg/resource/f1ead695e8281b7387e40d48fc6b1fb0.png~tplv-obj.webp,360
62816,社区连心,1,1,true,false,https://p16-webcast.tiktokcdn.com/img/alisg/webcast-sg/resource/8d2a21bead102d4cc1ffade117c9dc46.png~tplv-obj.webp,361
5780,花束,30,1,true,false,https://p16-webcast.tiktokcdn.com/img/maliva/webcast-va/b158b8493b51a3f30c59710c39d1dc96~tplv-obj.webp,362
444819,彩虹滑梯,100,2,true,false,https://p16-webcast.tiktokcdn.com/img/alisg/webcast-sg/resource/ff0da9e2f979075d657dae1372f170f9.png~tplv-obj.webp,363
19067,联盟倒计时,199,2,true,false,https://p16-webcast.tiktokcdn.com/img/alisg/webcast-sg/resource/936d94c2e9267c3fa099127fba4e30a2.png~tplv-obj.webp,364
59711,光之城堡,25999,2,true,false,https://p16-webcast.tiktokcdn.com/img/alisg/webcast-sg/resource/3c6e2297ca0ddd194653cae1d3baaffa.png~tplv-obj.webp,365
973150,魔法钓竿,30000,2,true,false,https://p16-webcast.tiktokcdn.com/img/alisg/webcast-sg/resource/cea50b414c860b2361880959c855ab23.png~tplv-obj.webp,366
115516,绣球花海,1299,2,true,false,https://p16-webcast.tiktokcdn.com/img/alisg/webcast-sg/resource/0e821f9f9a67f7299e6939b7823d8ab6.png~tplv-obj.webp,367
1213439,松鼠,10,1,true,false,https://p16-webcast.tiktokcdn.com/img/alisg/webcast-sg/resource/1739fceef111004d05fb5b8abea8a778.png~tplv-obj.webp,368
19065,联盟橄榄球,10,1,true,false,https://p16-webcast.tiktokcdn.com/img/alisg/webcast-sg/resource/85e79c76fd9b5ded418565427a67f424.png~tplv-obj.webp,369
54727,萌鸡来袭,6000,2,true,false,https://p16-webcast.tiktokcdn.com/img/alisg/webcast-sg/resource/33798b669e13c98ea076ed8eaabc8810.png~tplv-obj.webp,370
15464,Arcane Card,5000,2,true,false,https://p16-webcast.tiktokcdn.com/img/alisg/webcast-sg/resource/19d48b30090885b8d7ca794c055b2138.png~tplv-obj.webp,371
1143819,命运宝箱,899,2,true,false,https://p16-webcast.tiktokcdn.com/img/alisg/webcast-sg/resource/0adc6a264628317c6857bd060e7a3081.png~tplv-obj.webp,372
105795,花式足球,1800,2,true,false,https://p16-webcast.tiktokcdn.com/img/alisg/webcast-sg/resource/f2e3e6c9dba93abe56ffbd2af60309d3.png~tplv-obj.webp,373
440703,沙漠求生,399,2,true,false,https://p16-webcast.tiktokcdn.com/img/alisg/webcast-sg/resource/8fd91255d34a7312d0842d6fbc38ee93.png~tplv-obj.webp,374
1143825,王者之证,14999,2,true,false,https://p16-webcast.tiktokcdn.com/img/alisg/webcast-sg/resource/e317449c84cba9b865aa50a745ef927e.png~tplv-obj.webp,375
946648,心跳共振,500,4,false,false,https://p16-webcast.tiktokcdn.com/img/alisg/webcast-sg/resource/7106a1ee69968823cef12444172094eb.png~tplv-obj.webp,376
54294,幸运皇冠,14999,2,true,false,https://p16-webcast.tiktokcdn.com/img/alisg/webcast-sg/resource/b2566977022eacff45fa1c268f4bea91.png~tplv-obj.webp,377
10022,景福宫,20000,2,true,false,https://p16-webcast.tiktokcdn.com/img/maliva/webcast-va/resource/ae07f3f9fec20bc0c6801f967f162c3f.png~tplv-obj.webp,378
18790,贺岁玩偶,1999,2,true,false,https://p16-webcast.tiktokcdn.com/img/alisg/webcast-sg/resource/5ec37123593a6fd309cee3ddc1f93de6.png~tplv-obj.webp,379
62675,心动合唱,10,1,true,false,https://p16-webcast.tiktokcdn.com/img/alisg/webcast-sg/resource/df5ff4cb7fd148c81580dbe2b4a6b8b1.png~tplv-obj.webp,380
18299,Viking Hammer,1500,2,true,false,https://p16-webcast.tiktokcdn.com/img/alisg/webcast-sg/resource/5b95101816bc9f61f65bd265641ef4d6.png~tplv-obj.webp,381
60073,铁粉印章,100,4,false,false,https://p16-webcast.tiktokcdn.com/img/alisg/webcast-sg/resource/24cd1ef8bf88891453a1909e42ae5fb2.png~tplv-obj.webp,382
10517,大漠孤狼,5500,2,true,false,https://p16-webcast.tiktokcdn.com/img/maliva/webcast-va/resource/ae6cb704ca336271b4f4799675229eeb.png~tplv-obj.webp,383
17589,相伴左右,199,2,true,false,https://p16-webcast.tiktokcdn.com/img/alisg/webcast-sg/resource/14b52e1933131d94a2634acf1625559d.png~tplv-obj.webp,384
18791,荣耀之环,2999,2,true,false,https://p16-webcast.tiktokcdn.com/img/alisg/webcast-sg/resource/bb5cbc1ff2bf4370873a1fe98e2b6b50.png~tplv-obj.webp,385
1143818,勇气药水,10,1,true,false,https://p16-webcast.tiktokcdn.com/img/alisg/webcast-sg/resource/561068722f5cd9ff44fd03b86da632d6.png~tplv-obj.webp,386
10423,电音舞曲,2000,2,true,false,https://p16-webcast.tiktokcdn.com/img/maliva/webcast-va/resource/610d14c4f6e25a5ae4c8dfc0e82ec909.png~tplv-obj.webp,387
14562,对决冠军,15000,2,true,false,https://p16-webcast.tiktokcdn.com/img/alisg/webcast-sg/resource/adc6156cc7bfb49f336c6f329ebc2830.png~tplv-obj.webp,388
6942,梦幻独角兽,5000,2,true,false,https://p16-webcast.tiktokcdn.com/img/maliva/webcast-va/483c644e67e9bb1dd5970f2df00b7576~tplv-obj.webp,389
547121,大漠孤狼,5000,2,true,false,https://p16-webcast.tiktokcdn.com/img/alisg/webcast-sg/resource/17d17b4d431c84fc47988da1db8bea90.png~tplv-obj.webp,390
13058,爱心 KSA,99,2,true,false,https://p16-webcast.tiktokcdn.com/img/maliva/webcast-va/resource/1ef4547b7aab4fcb0a5d739d6499116f.png~tplv-obj.webp,391
19131,巧克力,10,1,true,false,https://p16-webcast.tiktokcdn.com/img/alisg/webcast-sg/resource/8e8bfebfad922eed81f4a31a114fc0d3.png~tplv-obj.webp,392
5648,马来新年青包,5,1,true,false,https://p16-webcast.tiktokcdn.com/img/maliva/webcast-va/af543ee556c1c3d3e2610a24d8d02c94~tplv-obj.webp,393
6833,奇幻城堡,20000,2,true,false,https://p16-webcast.tiktokcdn.com/img/maliva/webcast-va/8173e9b07875cca37caa5219e4903a40~tplv-obj.webp,394
14883,XXXL 花,500,2,true,false,https://p16-webcast.tiktokcdn.com/img/alisg/webcast-sg/resource/f1ead695e8281b7387e40d48fc6b1fb0.png~tplv-obj.webp,395
14534,开斋节礼品卡,1500,2,true,false,https://p16-webcast.tiktokcdn.com/img/alisg/webcast-sg/resource/b83e4e9e80e501617b6d01582109c00f.png~tplv-obj.webp,396
51285,钻石盾牌,7999,2,true,false,https://p16-webcast.tiktokcdn.com/img/alisg/webcast-sg/resource/764470625220ea94a003b56a0348d638.png~tplv-obj.webp,397
8503,猎鹰,10999,2,true,false,https://p16-webcast.tiktokcdn.com/img/maliva/webcast-va/6026505eea9b9bce071dd699253abf6a~tplv-obj.webp,398
101862,天铸之城,25999,2,true,false,https://p16-webcast.tiktokcdn.com/img/alisg/webcast-sg/resource/b8eebe2344701646d38641f0ed06816a.png~tplv-obj.webp,399
51283,DJ 巅峰舞台,15000,2,true,false,https://p16-webcast.tiktokcdn.com/img/alisg/webcast-sg/resource/ffbc63f7c14eadaf97cdc67a44f8be06.png~tplv-obj.webp,400
946664,摆个造型,6000,2,true,false,https://p16-webcast.tiktokcdn.com/img/alisg/webcast-sg/resource/4bbfc4e78268d48e1beb982893bf8f47.png~tplv-obj.webp,401
54724,苦力怕,1,1,true,false,https://p16-webcast.tiktokcdn.com/img/alisg/webcast-sg/resource/d686d45bd66e16b0aca8b0e5eb52a977.png~tplv-obj.webp,402
12110,Manifesting,500,2,true,false,https://p16-webcast.tiktokcdn.com/img/maliva/webcast-va/resource/ca11566ae5a41ec8971cc00b51f78dac.png~tplv-obj.webp,403
54539,唤潮三叉戟,14999,2,true,false,https://p16-webcast.tiktokcdn.com/img/alisg/webcast-sg/resource/7bb5606841ee8deaec981c85587ab2be.png~tplv-obj.webp,404
19074,LIVE Ranking Headband,299,4,false,false,https://p16-webcast.tiktokcdn.com/img/alisg/webcast-sg/resource/330ec9fbb2ac4f12465caf4b862d9bcf.png~tplv-obj.webp,405
59712,莱昂纳多国王,42999,2,true,false,https://p16-webcast.tiktokcdn.com/img/alisg/webcast-sg/resource/6e89cc0269bbd2190499368a2c0ce250.png~tplv-obj.webp,406
18792,农历马年,15000,2,true,false,https://p16-webcast.tiktokcdn.com/img/alisg/webcast-sg/resource/ec26ec5a61ad0490b70e31d6dbe128bc.png~tplv-obj.webp,407
973116,神秘钓竿,5000,2,true,false,https://p16-webcast.tiktokcdn.com/img/alisg/webcast-sg/resource/46424078a24d511062215517b2ae20df.png~tplv-obj.webp,408
607183,蜘蛛侠舞台,4999,2,true,false,https://p16-webcast.tiktokcdn.com/img/alisg/webcast-sg/resource/a6cb7004506c070fe75e15980e3f6666.png~tplv-obj.webp,409
115548,LIVE Ranking Party,3999,2,true,false,https://p16-webcast.tiktokcdn.com/img/alisg/webcast-sg/resource/018a62473f7a3989a19ced0af369a99e.png~tplv-obj.webp,410
15205,火烈鸟泳圈,999,2,true,false,https://p16-webcast.tiktokcdn.com/img/alisg/webcast-sg/resource/66b00f97a576cb9b63d981a079ebefb1.png~tplv-obj.webp,411
19133,爱的航班,800,2,true,false,https://p16-webcast.tiktokcdn.com/img/alisg/webcast-sg/resource/ed700c6f77e12689ca0e8f9b3bd90982.png~tplv-obj.webp,412
62817,社区风格,99,4,false,false,https://p16-webcast.tiktokcdn.com/img/alisg/webcast-sg/resource/e6e26cd58803f2afaf896d126ee409fe.png~tplv-obj.webp,413
607161,英雄降临,299,2,true,false,https://p16-webcast.tiktokcdn.com/img/alisg/webcast-sg/resource/b042d1d8248588ecaadb7f080e895b5c.png~tplv-obj.webp,414
53761,阿拉伯猎豹,15000,2,true,false,https://p16-webcast.tiktokcdn.com/img/alisg/webcast-sg/resource/a9b1ebb5262788aa8c5e92bd13392c83.png~tplv-obj.webp,415
56855,应援手链,349,2,true,false,https://p16-webcast.tiktokcdn.com/img/alisg/webcast-sg/resource/6faf18511ee366ec80c955d8e6b4153a.png~tplv-obj.webp,416
10994,花束,100,2,true,false,https://p16-webcast.tiktokcdn.com/img/maliva/webcast-va/resource/1bdf0b38142a94af0f71ea53da82a3b1.png~tplv-obj.webp,417
59450,新秀桂冠,299,4,false,false,https://p16-webcast.tiktokcdn.com/img/alisg/webcast-sg/resource/3b77922c8b290b899ae70b6c0e84e437.png~tplv-obj.webp,418
115510,雨伞,1,1,true,false,https://p16-webcast.tiktokcdn.com/img/alisg/webcast-sg/resource/ba0dd88772b3aef05a9089db317553a2.png~tplv-obj.webp,419
946670,白昼首秀,13999,2,true,false,https://p16-webcast.tiktokcdn.com/img/alisg/webcast-sg/resource/627afcf868bed970c547de038246d9df.png~tplv-obj.webp,420
946652,准备登场,1999,2,true,false,https://p16-webcast.tiktokcdn.com/img/alisg/webcast-sg/resource/52a720951708e57b25b8e495bd111e33.png~tplv-obj.webp,421
1165294,流星,1580,2,true,false,https://p16-webcast.tiktokcdn.com/img/alisg/webcast-sg/resource/b79f212fa1831d128ed9ae78538d9485.png~tplv-obj.webp,422
13061,跑车,4999,2,true,false,https://p16-webcast.tiktokcdn.com/img/maliva/webcast-va/resource/201304005bf8f86b533b97ffa88f1abe.png~tplv-obj.webp,423
444785,音乐云朵,10,1,true,false,https://p16-webcast.tiktokcdn.com/img/alisg/webcast-sg/resource/815765226ad8c24e55f9966a7943abe7.png~tplv-obj.webp,424
55700,古尔邦节礼盒,299,2,true,false,https://p16-webcast.tiktokcdn.com/img/alisg/webcast-sg/resource/ec3bedf704efdbbcfdfd36a99c98d94a.png~tplv-obj.webp,425
738532,直播排名派对,3999,2,true,false,https://p16-webcast.tiktokcdn.com/img/alisg/webcast-sg/resource/c80a4a0b3db25e46894ab9d46fe3f85d.png~tplv-obj.webp,426
19132,玫瑰熊,214,2,true,false,https://p16-webcast.tiktokcdn.com/img/alisg/webcast-sg/resource/adf6e9bd6219788151edb9fa026a0481.png~tplv-obj.webp,427
12316,气球礼盒,100,2,true,false,https://p16-webcast.tiktokcdn.com/img/maliva/webcast-va/resource/c2cd98b5d3147b983fcbf35d6dd38e36.png~tplv-obj.webp,428
17710,社区传奇,30000,2,true,false,https://p16-webcast.tiktokcdn.com/img/alisg/webcast-sg/resource/d5e6590f0ee4ab5f5c33df7fe1cb174c.png~tplv-obj.webp,429
54540,深海王城,25999,2,true,false,https://p16-webcast.tiktokcdn.com/img/alisg/webcast-sg/resource/13f9ea9d3798f67f6d55cc612c152338.png~tplv-obj.webp,430
16275,行李箱,199,2,true,false,https://p16-webcast.tiktokcdn.com/img/alisg/webcast-sg/resource/ebb5bcf8d8fe3f8975eeb76b37ddbd77.png~tplv-obj.webp,431
8889,梦幻粉红车,2988,2,true,false,https://p16-webcast.tiktokcdn.com/img/maliva/webcast-va/resource/0de49ea9a79e65307c674596da517792.png~tplv-obj.webp,432
18789,幸运小马,10,1,true,false,https://p16-webcast.tiktokcdn.com/img/alisg/webcast-sg/resource/8d005c54c988a6353777ce9c06cfb9cc.png~tplv-obj.webp,433
440713,棕爪,5,1,true,false,https://p16-webcast.tiktokcdn.com/img/alisg/webcast-sg/resource/d3ec6b968ebf9b96dc938f165f71d939.png~tplv-obj.webp,434
10165,钻石飞舞,18000,2,true,false,https://p16-webcast.tiktokcdn.com/img/maliva/webcast-va/resource/ada51a63094568b529b5efd83b182bc4.png~tplv-obj.webp,435
13032,秋日野餐,1300,2,true,false,https://p16-webcast.tiktokcdn.com/img/maliva/webcast-va/resource/f33e074aa9308800afec8c0ecaa0ef42.png~tplv-obj.webp,436
607191,Maro 蜘蛛侠,15000,2,true,false,https://p16-webcast.tiktokcdn.com/img/alisg/webcast-sg/resource/b8ebcb8f9952959c5349d92c18ff8256.png~tplv-obj.webp,437
18339,征服者尤利乌斯,43999,2,true,false,https://p16-webcast.tiktokcdn.com/img/alisg/webcast-sg/resource/78260c7f1dac82bd979279b5e04bffeb.png~tplv-obj.webp,438
16527,直播排名皇冠,299,4,false,false,https://p16-webcast.tiktokcdn.com/img/alisg/webcast-sg/resource/1bb7f00a3adeb932e5f5518d723fedb5.png~tplv-obj.webp,439
12944,动感音乐,4888,2,true,false,https://p16-webcast.tiktokcdn.com/img/maliva/webcast-va/resource/001c4ea85c78e9b35b5ae3228686a24c.png~tplv-obj.webp,440
677594,Corgi's Drone Show,20000,2,true,false,https://p16-webcast.tiktokcdn.com/img/alisg/webcast-sg/resource/f301d715e8f34d713c6d5b9cfa14fd28.png~tplv-obj.webp,441
973050,木钓竿,100,2,true,false,https://p16-webcast.tiktokcdn.com/img/alisg/webcast-sg/resource/a29960e0b8d92d37adfe6c083856421a.png~tplv-obj.webp,442
19068,联盟奖杯,599,2,true,false,https://p16-webcast.tiktokcdn.com/img/alisg/webcast-sg/resource/fe5bf1d97adafcdc675222a9facfe6ee.png~tplv-obj.webp,443
6093,足球,1,1,true,false,https://p16-webcast.tiktokcdn.com/img/maliva/webcast-va/c043cd9e418f13017793ddf6e0c6ee99~tplv-obj.webp,444
60074,铁粉狂欢,400,2,true,false,https://p16-webcast.tiktokcdn.com/img/alisg/webcast-sg/resource/ecb8f62b08087f2740890d18e13342a6.png~tplv-obj.webp,445
607157,蜘蛛侠徽章,1,1,true,false,https://p16-webcast.tiktokcdn.com/img/alisg/webcast-sg/resource/674506a5df43a303f7dfd0c23da82864.png~tplv-obj.webp,446
15048,天堂鸟,8000,2,true,false,https://p16-webcast.tiktokcdn.com/img/alisg/webcast-sg/resource/6ac6a0d3e86061023a2638ba903edf09.png~tplv-obj.webp,447
101857,风暴之刃,14999,2,true,false,https://p16-webcast.tiktokcdn.com/img/alisg/webcast-sg/resource/42e35e23a5439831c470ed784c470a5c.png~tplv-obj.webp,448
547119,黑狼,15000,2,true,false,https://p16-webcast.tiktokcdn.com/img/alisg/webcast-sg/resource/548fafa2e2afb44a36865cb5c34bc61f.png~tplv-obj.webp,449
5338,梦幻独角兽,5000,2,true,false,https://p16-webcast.tiktokcdn.com/img/maliva/webcast-va/483c644e67e9bb1dd5970f2df00b7576~tplv-obj.webp,450
131888,PK 盛典！,1000,2,true,false,https://p16-webcast.tiktokcdn.com/img/alisg/webcast-sg/resource/7313da93d4d6aff687f383011e158a61.png~tplv-obj.webp,451
607175,蜘蛛网,1299,2,true,false,https://p16-webcast.tiktokcdn.com/img/alisg/webcast-sg/resource/c9b932ffdbe2ce97bc30640a6e5aadde.png~tplv-obj.webp,452
19134,巴黎,15000,2,true,false,https://p16-webcast.tiktokcdn.com/img/alisg/webcast-sg/resource/f7a810a338bc0e69709badd3a596559c.png~tplv-obj.webp,453
59710,时空倒流,14999,2,true,false,https://p16-webcast.tiktokcdn.com/img/alisg/webcast-sg/resource/5048798ca9ee16042152157bad492e47.png~tplv-obj.webp,454
115513,晴天娃娃,299,2,true,false,https://p16-webcast.tiktokcdn.com/img/alisg/webcast-sg/resource/ad91c7acb6b745d37739d326cb2e0c61.png~tplv-obj.webp,455
14532,樱花盛开,599,2,true,false,https://p16-webcast.tiktokcdn.com/img/alisg/webcast-sg/resource/138d5ae217170678f87d632d1b3649e6.png~tplv-obj.webp,456
10716,飞吻,1,1,true,false,https://p16-webcast.tiktokcdn.com/img/maliva/webcast-va/resource/cdb55940740d5c83879b2934f9a7d08e.png~tplv-obj.webp,457
115549,Red Devil Corgi,20000,2,true,false,https://p16-webcast.tiktokcdn.com/img/alisg/webcast-sg/resource/28b39c9cbca8643bc31776dfed95ec94.png~tplv-obj.webp,458
17667,相伴左右,199,2,true,false,https://p16-webcast.tiktokcdn.com/img/alisg/webcast-sg/resource/14b52e1933131d94a2634acf1625559d.png~tplv-obj.webp,459
8624,宙斯,34000,2,true,false,https://p16-webcast.tiktokcdn.com/img/maliva/webcast-va/resource/01793f9afe15f5037a9dc10435c37c85.png~tplv-obj.webp,460
444871,云端 DJ,4000,2,true,false,https://p16-webcast.tiktokcdn.com/img/alisg/webcast-sg/resource/e9bfca726137aa63f48d01224911f74e.png~tplv-obj.webp,461
13469,Henry,10000,2,true,false,https://p16-webcast.tiktokcdn.com/img/maliva/webcast-va/resource/3cb4ecd1293e05cf5a0a3f42b27206dc.png~tplv-obj.webp,462
60077,铁粉应援扇,10,1,true,false,https://p16-webcast.tiktokcdn.com/img/alisg/webcast-sg/resource/cb5bc2512623f0454156429f7088973b.png~tplv-obj.webp,463
17661,相伴左右,199,2,true,false,https://p16-webcast.tiktokcdn.com/img/alisg/webcast-sg/resource/14b52e1933131d94a2634acf1625559d.png~tplv-obj.webp,464
60075,铁粉应援,2500,2,true,false,https://p16-webcast.tiktokcdn.com/img/alisg/webcast-sg/resource/e361cafb0a92f7994442b9e72a6379e1.png~tplv-obj.webp,465
973086,铁钓竿,1000,2,true,false,https://p16-webcast.tiktokcdn.com/img/alisg/webcast-sg/resource/a9e5eac5141ca8e358d11e56e7b05468.png~tplv-obj.webp,466
1143822,风暴战甲,8999,2,true,false,https://p16-webcast.tiktokcdn.com/img/alisg/webcast-sg/resource/b7b811f753b8a272bce47615f9ba7de4.png~tplv-obj.webp,467
51281,DJ 黑胶唱片,10,1,true,false,https://p16-webcast.tiktokcdn.com/img/alisg/webcast-sg/resource/0b666a386478756d9988cfa73ab20a71.png~tplv-obj.webp,468
973040,海星,1,1,true,false,https://p16-webcast.tiktokcdn.com/img/alisg/webcast-sg/resource/279903174b4ca8e1c7a78e649af65bcc.png~tplv-obj.webp,469
59994,众人欢呼,5000,2,true,false,https://p16-webcast.tiktokcdn.com/img/alisg/webcast-sg/resource/f8801f079c04aa58e0e732340f393740.png~tplv-obj.webp,470
56080,萌崽突袭,2999,2,true,false,https://p16-webcast.tiktokcdn.com/img/alisg/webcast-sg/resource/abd6c56f59d4f7e097fd7dcd32995ef6.png~tplv-obj.webp,471
13059,热爱 KSA,1,1,true,false,https://p16-webcast.tiktokcdn.com/img/maliva/webcast-va/resource/15e67a2aa48cc4d3877a2715d5bec0f7.png~tplv-obj.webp,472
1143821,深海试炼,4999,2,true,false,https://p16-webcast.tiktokcdn.com/img/alisg/webcast-sg/resource/13798ad9363a9008c9f90d59bea72e60.png~tplv-obj.webp,473
8603,豹,15000,2,true,false,https://p16-webcast.tiktokcdn.com/img/maliva/webcast-va/resource/3d837cfcac70929abc0f45e4dc7cee04.png~tplv-obj.webp,474
17712,社区连心,1,1,true,false,https://p16-webcast.tiktokcdn.com/img/alisg/webcast-sg/resource/dad7a63955f98891958e37071bb067f3.png~tplv-obj.webp,475
9355,好可爱,1,1,true,false,https://p16-webcast.tiktokcdn.com/img/maliva/webcast-va/resource/d40d31241efcf57c630e894bb3007b8a.png~tplv-obj.webp,476
10065,大猩猩,30000,2,true,false,https://p16-webcast.tiktokcdn.com/img/maliva/webcast-va/resource/57619959bddbe35d8c684750a1d41d62.png~tplv-obj.webp,477
440699,初始森林,199,2,true,false,https://p16-webcast.tiktokcdn.com/img/alisg/webcast-sg/resource/090f59b8da3d5d807c09fc4d47dad3eb.png~tplv-obj.webp,478
54725,萌鸡贴贴,500,4,false,false,https://p16-webcast.tiktokcdn.com/img/alisg/webcast-sg/resource/f1b0b043890f33ba610f2b30fffad49f.png~tplv-obj.webp,479
18337,定胜之锤,14999,2,true,false,https://p16-webcast.tiktokcdn.com/img/alisg/webcast-sg/resource/52d8c2e23c1800e85ad621e431220724.png~tplv-obj.webp,480
9193,利雅得,15000,2,true,false,https://p16-webcast.tiktokcdn.com/img/maliva/webcast-va/resource/680be960a94f10476dfaae470056c157.png~tplv-obj.webp,481
9532,烟花闪耀,4088,2,true,false,https://p16-webcast.tiktokcdn.com/img/maliva/webcast-va/resource/d4234483e15952a992ae58a088291be1.png~tplv-obj.webp,482
677572,LIVE Ranking Ticket,10,1,true,false,https://p16-webcast.tiktokcdn.com/img/alisg/webcast-sg/resource/12b4de4a4a9ab015bdaa49858610bc9e.png~tplv-obj.webp,483
101868,瓦莱里安的誓言,43999,2,true,false,https://p16-webcast.tiktokcdn.com/img/alisg/webcast-sg/resource/8b4c99e8e50c117ce1a79c5f09eb0cca.png~tplv-obj.webp,484
11838,钻石喷枪,5000,2,true,false,https://p16-webcast.tiktokcdn.com/img/maliva/webcast-va/resource/651e705c26b704d03bc9c06d841808f1.png~tplv-obj.webp,485
59589,乐爆全场,999,2,true,false,https://p16-webcast.tiktokcdn.com/img/alisg/webcast-sg/resource/695bef7983e7a16e2fe1d130cc1be8bc.png~tplv-obj.webp,486
54726,萌崽突袭,2999,2,true,false,https://p16-webcast.tiktokcdn.com/img/alisg/webcast-sg/resource/f074f1f73a40902e6087c6ccc747b88f.png~tplv-obj.webp,487
14544,回家,3999,2,true,false,https://p16-webcast.tiktokcdn.com/img/alisg/webcast-sg/resource/fa586ca53d45cd656d4df2f4624da2a0.png~tplv-obj.webp,488
54728,调皮骑士,15000,2,true,false,https://p16-webcast.tiktokcdn.com/img/alisg/webcast-sg/resource/6401ca229c2a1a07f88701da7a5b2925.png~tplv-obj.webp,489
115543,LIVE Ranking Ticket,10,1,true,false,https://p16-webcast.tiktokcdn.com/img/alisg/webcast-sg/resource/4c307f79c6296df713c00c31e044e161.png~tplv-obj.webp,490
440687,暗夜王国,899,2,true,false,https://p16-webcast.tiktokcdn.com/img/alisg/webcast-sg/resource/534e37b8860337dd84df6deb2a4c0793.png~tplv-obj.webp,491
440717,黑爪,10,1,true,false,https://p16-webcast.tiktokcdn.com/img/alisg/webcast-sg/resource/f2c75eeb0d2bed77f502a9405b762229.png~tplv-obj.webp,492
115518,梦幻漫游,15000,2,true,false,https://p16-webcast.tiktokcdn.com/img/alisg/webcast-sg/resource/bce42fbffa8a0a0ebe0597bc0bf7c1f7.png~tplv-obj.webp,493
17713,社区力量,5000,2,true,false,https://p16-webcast.tiktokcdn.com/img/alisg/webcast-sg/resource/0f63a65464097856fb61f500d943c1ad.png~tplv-obj.webp,494
444843,云端之上,450,2,true,false,https://p16-webcast.tiktokcdn.com/img/alisg/webcast-sg/resource/ccd4ab7671ba4cae00f8f3c2b7e316c2.png~tplv-obj.webp,495
14543,恭喜,1,1,true,false,https://p16-webcast.tiktokcdn.com/img/alisg/webcast-sg/resource/8e73d843b23a9e68f8d3cf8c46fc0bee.png~tplv-obj.webp,496
115520,环形舞台,4999,2,true,false,https://p16-webcast.tiktokcdn.com/img/alisg/webcast-sg/resource/fc5601ce67877245f5a322fb7df64bec.png~tplv-obj.webp,497
62818,Jollie 的社区,399,2,true,false,https://p16-webcast.tiktokcdn.com/img/alisg/webcast-sg/resource/370a8914a23ae65bbd7000b3f08d2aff.png~tplv-obj.webp,498
16115,Firelight 王国,15000,2,true,false,https://p16-webcast.tiktokcdn.com/img/alisg/webcast-sg/resource/2d64f6c94bc66ae497562435f042c21c.png~tplv-obj.webp,499
17446,Legendary Aegis,15000,2,true,false,https://p16-webcast.tiktokcdn.com/img/alisg/webcast-sg/resource/58e7fd8ef5df902013f7d8c600d2c476.png~tplv-obj.webp,500
60076,终极铁粉,8000,2,true,false,https://p16-webcast.tiktokcdn.com/img/alisg/webcast-sg/resource/d14912141985070526e227375d4806f5.png~tplv-obj.webp,501
946640,LUVX 应援,1,1,true,false,https://p16-webcast.tiktokcdn.com/img/alisg/webcast-sg/resource/90445e0b163426c8d5a95647af20b7c5.png~tplv-obj.webp,502
12892,鳄鱼,15000,2,true,false,https://p16-webcast.tiktokcdn.com/img/maliva/webcast-va/resource/68d0ab787e32a0d3229dcbf1cfe6e250.png~tplv-obj.webp,503
54541,传奇马塞勒斯,42999,2,true,false,https://p16-webcast.tiktokcdn.com/img/alisg/webcast-sg/resource/2493534c2e9d914e6b503c3a836e72e9.png~tplv-obj.webp,504
5566,米莎熊,100,2,true,false,https://p16-webcast.tiktokcdn.com/img/maliva/webcast-va/d78ed6496fd57286b42ac033acbee299.png~tplv-obj.webp,505
607181,蜘蛛网 2.0,1299,2,true,false,https://p16-webcast.tiktokcdn.com/img/alisg/webcast-sg/resource/24ca3a86f375dbb98f80b66071d47776.png~tplv-obj.webp,506
19071,联盟粉丝圈,5000,2,true,false,https://p16-webcast.tiktokcdn.com/img/alisg/webcast-sg/resource/b49db707b60b5e71e7fc2335a5d93b22.png~tplv-obj.webp,507
10588,钻石喷枪,5000,2,true,false,https://p16-webcast.tiktokcdn.com/img/maliva/webcast-va/resource/651e705c26b704d03bc9c06d841808f1.png~tplv-obj.webp,508
18338,赛博轰鸣,25999,2,true,false,https://p16-webcast.tiktokcdn.com/img/alisg/webcast-sg/resource/e36175fdd1bdcda3716a857a509042b2.png~tplv-obj.webp,509
9072,TikTok Universe,44999,2,true,false,https://p16-webcast.tiktokcdn.com/img/maliva/webcast-va/8f471afbcebfda3841a6cc515e381f58~tplv-obj.webp,510
972138,雪姬之守,42999,2,true,false,https://p16-webcast.tiktokcdn.com/img/alisg/webcast-sg/resource/ce72697aca20b8741b1d5bff2035db78.png~tplv-obj.webp,511
972130,雪诞守灵,25999,2,true,false,https://p16-webcast.tiktokcdn.com/img/alisg/webcast-sg/resource/242b68f7c08a95d710e3062a2647c027.png~tplv-obj.webp,512
972120,雪月御伞,14999,2,true,false,https://p16-webcast.tiktokcdn.com/img/alisg/webcast-sg/resource/dd59e39090e22d3c46353f8e997daa3c.png~tplv-obj.webp,513
8419,红色闪电,12000,2,true,false,https://p16-webcast.tiktokcdn.com/img/maliva/webcast-va/5f48599c8d2a7bbc6e6fcf11ba2c809f~tplv-obj.webp,514
7764,星际王座,7999,2,true,false,https://p16-webcast.tiktokcdn.com/img/maliva/webcast-va/30063f6bc45aecc575c49ff3dbc33831~tplv-obj.webp,515
8420,星际王座,7999,2,true,false,https://p16-webcast.tiktokcdn.com/img/maliva/webcast-va/30063f6bc45aecc575c49ff3dbc33831~tplv-obj.webp,516
17961,Majestic Hearts,7238,2,true,false,https://p16-webcast.tiktokcdn.com/img/alisg/webcast-sg/resource/a4585c4d71865a5193fafe229c09512b.png~tplv-obj.webp,517
6790,庆祝时间,6999,2,true,false,https://p16-webcast.tiktokcdn.com/img/maliva/webcast-va/e73e786041d8218d8e9dbbc150855f1b~tplv-obj.webp,518
10672,新城市的山姆,6000,2,true,false,https://p16-webcast.tiktokcdn.com/img/maliva/webcast-va/resource/291de897e4a8c3b72c358a9734c5b7d8.png~tplv-obj.webp,519
17959,云上“幼狮”,5888,2,true,false,https://p16-webcast.tiktokcdn.com/img/alisg/webcast-sg/resource/e9c3eec846fb6be179ded64e57252918.png~tplv-obj.webp,520
17960,英勇远征,5888,2,true,false,https://p16-webcast.tiktokcdn.com/img/alisg/webcast-sg/resource/3b238017dd782ab45f8243abde1406e7.png~tplv-obj.webp,521
17958,毛茸伙伴,5388,2,true,false,https://p16-webcast.tiktokcdn.com/img/alisg/webcast-sg/resource/368504add2c0f4369d6940552783510e.png~tplv-obj.webp,522
56861,Leon 的印记披风,5000,2,true,false,https://p16-webcast.tiktokcdn.com/img/alisg/webcast-sg/resource/385d00992b83a2e8a2ab5d8ec82d9715.png~tplv-obj.webp,523
14384,Sage 大冒险,4999,2,true,false,https://p16-webcast.tiktokcdn.com/img/alisg/webcast-sg/resource/ea291160b9b69dc5d13938433ba0fae9.png~tplv-obj.webp,524
17957,糖须小猫,4918,2,true,false,https://p16-webcast.tiktokcdn.com/img/alisg/webcast-sg/resource/3d306be32f7d6d52c4e74df15a063d45.png~tplv-obj.webp,525
16899,魔法世界,4088,2,true,false,https://p16-webcast.tiktokcdn.com/img/alisg/webcast-sg/resource/a91fdba590b29bab1287ec746d8323a8.png~tplv-obj.webp,526
17955,彼此仰望,3350,2,true,false,https://p16-webcast.tiktokcdn.com/img/alisg/webcast-sg/resource/87ed725a0b451b9d007a27fb4e315ab9.png~tplv-obj.webp,527
17956,心怀壮志,3350,2,true,false,https://p16-webcast.tiktokcdn.com/img/alisg/webcast-sg/resource/7bc2c2c9cccc164f07841e6575972311.png~tplv-obj.webp,528
56610,幽海 Diny,3088,2,true,false,https://p16-webcast.tiktokcdn.com/img/alisg/webcast-sg/resource/cbe9ac457d2cb8f0fb83fbc51997707b.png~tplv-obj.webp,529
56611,幽海 Tom,3088,2,true,false,https://p16-webcast.tiktokcdn.com/img/alisg/webcast-sg/resource/52dd3147fb1e1ac1d8c0674a5437d98f.png~tplv-obj.webp,530
56612,幽海 Blitzy,3088,2,true,false,https://p16-webcast.tiktokcdn.com/img/alisg/webcast-sg/resource/fc9a249032a0dedd01f86106ff0b54d9.png~tplv-obj.webp,531
56613,幽海 Cooper,3088,2,true,false,https://p16-webcast.tiktokcdn.com/img/alisg/webcast-sg/resource/8833bf214cd51ae9d03bcc784815c0e6.png~tplv-obj.webp,532
59322,召唤号角,3000,1,true,false,https://p16-webcast.tiktokcdn.com/img/alisg/webcast-sg/resource/a976032a9325f2c4ef711fea4ded7cbe.png~tplv-obj.webp,533
17954,一起出海,2850,2,true,false,https://p16-webcast.tiktokcdn.com/img/alisg/webcast-sg/resource/d170a2612408d59bde870ffae406747b.png~tplv-obj.webp,534
62501,雷霆射手 Tom,2499,2,true,false,https://p16-webcast.tiktokcdn.com/img/alisg/webcast-sg/resource/d4b6678e07d123b38531cfebc8f2a24f.png~tplv-obj.webp,535
17953,糖霜冰川,2380,2,true,false,https://p16-webcast.tiktokcdn.com/img/alisg/webcast-sg/resource/89106a5f53730a2aa745d74602bb9e1c.png~tplv-obj.webp,536
17952,天际漂移,2000,2,true,false,https://p16-webcast.tiktokcdn.com/img/alisg/webcast-sg/resource/761bac6eb7c53852bfc702282fd9be85.png~tplv-obj.webp,537
6789,红毯之星,1999,2,true,false,https://p16-webcast.tiktokcdn.com/img/maliva/webcast-va/5b9bf90278f87b9ca0c286d3c8a12936~tplv-obj.webp,538
7529,神秘烟火,1999,2,true,false,https://p16-webcast.tiktokcdn.com/img/maliva/webcast-va/c110230c5db903db5f060a432f5a86cd~tplv-obj.webp,539
8277,爱情降落,1800,2,true,false,https://p16-webcast.tiktokcdn.com/img/maliva/webcast-va/1ea684b3104abb725491a509022f7c02~tplv-obj.webp,540
9824,情侣锁,1500,2,true,false,https://p16-webcast.tiktokcdn.com/img/maliva/webcast-va/resource/f3010d1fcb008ce1b17248e5ea18b178.png~tplv-obj.webp,541
17949,超有范儿,1500,2,true,false,https://p16-webcast.tiktokcdn.com/img/alisg/webcast-sg/resource/6250163a81c588fca53191e2ae01031a.png~tplv-obj.webp,542
17951,太空熊,1500,2,true,false,https://p16-webcast.tiktokcdn.com/img/alisg/webcast-sg/resource/9a8c487c3245fbce45f83f1d4dbb956e.png~tplv-obj.webp,543
17948,欢乐漂流,1030,2,true,false,https://p16-webcast.tiktokcdn.com/img/alisg/webcast-sg/resource/be17076f04429b60eb2d7c3e03a2ea9d.png~tplv-obj.webp,544
17950,糖果泡芙,1030,2,true,false,https://p16-webcast.tiktokcdn.com/img/alisg/webcast-sg/resource/776b2cab31f92e2592d27a4c6bd3df53.png~tplv-obj.webp,545
56598,火山 Diny,1000,2,true,false,https://p16-webcast.tiktokcdn.com/img/alisg/webcast-sg/resource/72a65ac318d312205722af6155d0f515.png~tplv-obj.webp,546
56599,火山 Tom,1000,2,true,false,https://p16-webcast.tiktokcdn.com/img/alisg/webcast-sg/resource/f6667616681d4ef9f5945ccef351c854.png~tplv-obj.webp,547
56600,火山 Blitzy,1000,2,true,false,https://p16-webcast.tiktokcdn.com/img/alisg/webcast-sg/resource/8aa0c072b2c5d71f4d2504a00c5fe08a.png~tplv-obj.webp,548
56601,火山 Cooper,1000,2,true,false,https://p16-webcast.tiktokcdn.com/img/alisg/webcast-sg/resource/f464e4a99446b547d6b2249a962c7086.png~tplv-obj.webp,549
56602,大漠 Diny,1000,2,true,false,https://p16-webcast.tiktokcdn.com/img/alisg/webcast-sg/resource/f113fb9245bd7a936ddbedaf0a0f42b9.png~tplv-obj.webp,550
56603,大漠 Tom,1000,2,true,false,https://p16-webcast.tiktokcdn.com/img/alisg/webcast-sg/resource/97c9e63f89ad26b6b84a471ae60f1935.png~tplv-obj.webp,551
56604,大漠 Blitzy,1000,2,true,false,https://p16-webcast.tiktokcdn.com/img/alisg/webcast-sg/resource/802026bfb4c7aa6d267bc773ac2a4746.png~tplv-obj.webp,552
56605,大漠 Cooper,1000,2,true,false,https://p16-webcast.tiktokcdn.com/img/alisg/webcast-sg/resource/4c571e1b88028b8abc1758c8f55fd383.png~tplv-obj.webp,553
56606,冰原 Diny,1000,2,true,false,https://p16-webcast.tiktokcdn.com/img/alisg/webcast-sg/resource/a689e0a5a9f88b2f6225f5db8411f8ca.png~tplv-obj.webp,554
56607,冰原 Tom,1000,2,true,false,https://p16-webcast.tiktokcdn.com/img/alisg/webcast-sg/resource/dfee67f570dd81056ac2f3d783959a98.png~tplv-obj.webp,555
56608,冰原 Blitzy,1000,2,true,false,https://p16-webcast.tiktokcdn.com/img/alisg/webcast-sg/resource/eedbfd263f8817d34f3690900cb571b9.png~tplv-obj.webp,556
56609,冰原 Cooper,1000,2,true,false,https://p16-webcast.tiktokcdn.com/img/alisg/webcast-sg/resource/2a60e733698f3cb36904bb716d736d2a.png~tplv-obj.webp,557
59321,魔法药水,1000,1,true,false,https://p16-webcast.tiktokcdn.com/img/alisg/webcast-sg/resource/6c23ae1c6775bddde447dec074cd5940.png~tplv-obj.webp,558
16749,盛大演出,999,2,true,false,https://p16-webcast.tiktokcdn.com/img/alisg/webcast-sg/resource/61348c8f1a776122088de3d43fc16fab.png~tplv-obj.webp,559
62487,足球闪卡,599,2,true,false,https://p16-webcast.tiktokcdn.com/img/alisg/webcast-sg/resource/a24eb19fa7391552d68fb4201934631a.png~tplv-obj.webp,560
17947,甜甜圈之吻,530,2,true,false,https://p16-webcast.tiktokcdn.com/img/alisg/webcast-sg/resource/780e304a1f0926d9e4b08e4665bbc93d.png~tplv-obj.webp,561
16897,魔法道具,500,2,true,false,https://p16-webcast.tiktokcdn.com/img/alisg/webcast-sg/resource/51b0adff1cf290651c87ec26128658b9.png~tplv-obj.webp,562
56590,原野 Diny,500,2,true,false,https://p16-webcast.tiktokcdn.com/img/alisg/webcast-sg/resource/adfedd8992012cf75ddce5496335d16c.png~tplv-obj.webp,563
56591,原野 Tom,500,2,true,false,https://p16-webcast.tiktokcdn.com/img/alisg/webcast-sg/resource/32154aa9a0fab3d772475044c03e5dc7.png~tplv-obj.webp,564
56592,原野 Blitzy,500,2,true,false,https://p16-webcast.tiktokcdn.com/img/alisg/webcast-sg/resource/1ccdd049480b94bb71516e554802024f.png~tplv-obj.webp,565
56593,原野 Cooper,500,2,true,false,https://p16-webcast.tiktokcdn.com/img/alisg/webcast-sg/resource/9af6a041ed6a17c927a9065970c34baf.png~tplv-obj.webp,566
56594,雨林 Diny,500,2,true,false,https://p16-webcast.tiktokcdn.com/img/alisg/webcast-sg/resource/e45ac77c24fb1cbe25bdfeffdf648b4e.png~tplv-obj.webp,567
56595,雨林 Tom,500,2,true,false,https://p16-webcast.tiktokcdn.com/img/alisg/webcast-sg/resource/35ee084d755964dca0d11fb4c2d47108.png~tplv-obj.webp,568
56596,雨林 Blitzy,500,2,true,false,https://p16-webcast.tiktokcdn.com/img/alisg/webcast-sg/resource/d82ab0f0fbcf33755e41f4542b94dadd.png~tplv-obj.webp,569
56597,雨林 Cooper,500,2,true,false,https://p16-webcast.tiktokcdn.com/img/alisg/webcast-sg/resource/e5fb5ade8480a67eb34604672bd47aa8.png~tplv-obj.webp,570
59320,盲盒,500,1,true,false,https://p16-webcast.tiktokcdn.com/img/alisg/webcast-sg/resource/072142399e6e37c05107a687b274b91b.png~tplv-obj.webp,571
638006,Jollie 蹦出来！,500,2,true,false,https://p16-webcast.tiktokcdn.com/img/alisg/webcast-sg/resource/e53788667317b88089b3e8728c67100f.png~tplv-obj.webp,572
230707,极限守门,499,21,false,false,https://p16-webcast.tiktokcdn.com/img/alisg/webcast-sg/resource/d51f4635c731cb50a8fae54d65eee71e.png~tplv-obj.webp,573
230709,极限平衡木,450,21,false,false,https://p16-webcast.tiktokcdn.com/img/alisg/webcast-sg/resource/d6a4174d2f5680155191647710f05aa5.png~tplv-obj.webp,574
9825,魔幻韵律,399,2,true,false,https://p16-webcast.tiktokcdn.com/img/maliva/webcast-va/resource/00f1882035fcf9407e4b1955f0b4c48b.png~tplv-obj.webp,575
12935,Sage 智慧一击,399,2,true,false,https://p16-webcast.tiktokcdn.com/img/alisg/webcast-sg/resource/213605d4582aa3e35b51712c7a0909aa.png~tplv-obj.webp,576
59319,生命药水,399,1,true,false,https://p16-webcast.tiktokcdn.com/img/alisg/webcast-sg/resource/2b8d9407362560e13fd7373325cc233b.png~tplv-obj.webp,577
16748,翻转黑胶,349,2,true,false,https://p16-webcast.tiktokcdn.com/img/alisg/webcast-sg/resource/5f5ed81e3e714fc1a30ec6efd379cd91.png~tplv-obj.webp,578
59318,卷轴,299,1,true,false,https://p16-webcast.tiktokcdn.com/img/alisg/webcast-sg/resource/7e1418f2402a2986f432a96ae27f7c76.png~tplv-obj.webp,579
127089,三重雷击,289,1,true,false,https://p16-webcast.tiktokcdn.com/img/alisg/webcast-sg/resource/09a90416e09340b2d5a1046d2fc3ef01.png~tplv-obj.webp,580
17962,魔法精灵,200,1,true,false,https://p16-webcast.tiktokcdn.com/img/alisg/webcast-sg/resource/3d306be32f7d6d52c4e74df15a063d45.png~tplv-obj.webp,581
56589,魔法精灵,200,1,true,false,https://p16-webcast.tiktokcdn.com/img/alisg/webcast-sg/resource/c750548817a633185d2c46391cc64214.png~tplv-obj.webp,582
6713,为你加油,199,2,true,false,https://p16-webcast.tiktokcdn.com/img/maliva/webcast-va/1059dfa76c78dc17d7cf0a1fc2ece185~tplv-obj.webp,583
17004,掌间玫瑰,199,2,true,false,https://p16-webcast.tiktokcdn.com/img/alisg/webcast-sg/resource/805e6b8051d50ca6e6c9b74d5fc89045.png~tplv-obj.webp,584
127096,猛力一压,153,1,true,false,https://p16-webcast.tiktokcdn.com/img/alisg/webcast-sg/resource/34614d14c99c17e8a6094e5ed34c1bc6.png~tplv-obj.webp,585
59317,能量芯片,100,1,true,false,https://p16-webcast.tiktokcdn.com/img/alisg/webcast-sg/resource/c9fc0b9b66a506752ec005c2630e1700.png~tplv-obj.webp,586
637996,宝藏之门,100,2,true,false,https://p16-webcast.tiktokcdn.com/img/alisg/webcast-sg/resource/52669f5b62d078f8c20a52496ce4d35f.png~tplv-obj.webp,587
8130,泡泡枪,99,1,true,false,https://p16-webcast.tiktokcdn.com/img/maliva/webcast-va/75eb7b4aca24eaa6e566b566c7d21e2f~tplv-obj.webp,588
127090,鬼飞球,99,1,true,false,https://p16-webcast.tiktokcdn.com/img/alisg/webcast-sg/resource/23c19297764926e43446d60904d6f9c5.png~tplv-obj.webp,589
127094,轻晃一下,99,1,true,false,https://p16-webcast.tiktokcdn.com/img/alisg/webcast-sg/resource/23c19297764926e43446d60904d6f9c5.png~tplv-obj.webp,590
127098,回稳一手,99,1,true,false,https://p16-webcast.tiktokcdn.com/img/alisg/webcast-sg/resource/f44c38189c169012c7fbd3537cdc3c40.png~tplv-obj.webp,591
127088,单次射门,70,1,true,false,https://p16-webcast.tiktokcdn.com/img/alisg/webcast-sg/resource/b2aed3cd741688ea0d8a86363604bcbb.png~tplv-obj.webp,592
59316,能量胶囊,30,1,true,false,https://p16-webcast.tiktokcdn.com/img/alisg/webcast-sg/resource/ae6e7024207fb82bab2c9b78405796a2.png~tplv-obj.webp,593
59315,交通锥,20,1,true,false,https://p16-webcast.tiktokcdn.com/img/alisg/webcast-sg/resource/f16725cc0a80273348d18c47dfa3b4fb.png~tplv-obj.webp,594
18107,为我造型,10,4,false,false,https://p16-webcast.tiktokcdn.com/img/alisg/webcast-sg/resource/b676cd3356e7dc11d4dad13fed18d29e.png~tplv-obj.webp,595
59314,香蕉皮,10,1,true,false,https://p16-webcast.tiktokcdn.com/img/alisg/webcast-sg/resource/4130324b5b9120ae88989889d16ed9c3.png~tplv-obj.webp,596
231882,歌声礼物,10,1,true,false,https://p16-webcast.tiktokcdn.com/img/alisg/webcast-sg/resource/de82765efea449c436117788583cf817.png~tplv-obj.webp,597
638002,宝藏钥匙,10,1,true,false,https://p16-webcast.tiktokcdn.com/img/alisg/webcast-sg/resource/b2777f93629821d38fbc6852e723a3ab.png~tplv-obj.webp,598
6246,点赞,1,1,true,false,https://p16-webcast.tiktokcdn.com/img/maliva/webcast-va/570a663e27bdc460e05556fd1596771a~tplv-obj.webp,599
6247,爱心,1,1,true,false,https://p16-webcast.tiktokcdn.com/img/maliva/webcast-va/dd300fd35a757d751301fba862a258f1~tplv-obj.webp,600
6890,爱你,1,2,true,false,https://p16-webcast.tiktokcdn.com/img/maliva/webcast-va/ab0a7b44bfc140923bb74164f6f880ab~tplv-obj.webp,601
17085,音乐专辑,1,1,true,false,https://p16-webcast.tiktokcdn.com/img/alisg/webcast-sg/resource/2a5378fbb272f5b4be0678084c66bdc1.png~tplv-obj.webp,602
56560,我的第一朵玫瑰,1,1,true,false,https://p16-webcast.tiktokcdn.com/img/alisg/webcast-sg/resource/55163429fc2a3043a3273d2fcd7cd85e.png~tplv-obj.webp,603
58213,coldy,1,1,true,false,https://p16-webcast.tiktokcdn.com/img/alisg/webcast-sg/resource/d25321ec8d38f41a39854878606751ac.png~tplv-obj.webp,604
59313,红色闪电,1,1,true,false,https://p16-webcast.tiktokcdn.com/img/alisg/webcast-sg/resource/0053dc95af7a3c7475c7687bc42925f9.png~tplv-obj.webp,605
59511,蓝色闪电,1,1,true,false,https://p16-webcast.tiktokcdn.com/img/alisg/webcast-sg/resource/6a517f35a26bfbcbeb72075ea41b66e0.png~tplv-obj.webp,606
59512,黄色闪电,1,1,true,false,https://p16-webcast.tiktokcdn.com/img/alisg/webcast-sg/resource/2ab44118950b4a18acabcdc55635d91a.png~tplv-obj.webp,607
637990,宝藏四叶草,1,1,true,false,https://p16-webcast.tiktokcdn.com/img/alisg/webcast-sg/resource/327a29d13fade9f0cdc25a2ccc1670d8.png~tplv-obj.webp,608
